Title,Link,Store,Price
"Mac OS/Windows Digital Apps: Waltr 2 $5, iStat Menu or Commander One Pro",/f/14047286-bundlehunt-spring-deal-macos-and-windows-apps-including-istat-menus-flux-7-0-waltr-2-a-better-finder-attributes-6-etc-from-2?src=featured-cat,,$6
SanDisk Extreme Portable SSD 250 GB USB 3.1 Walmart B&M $40,/f/14041472-sandisk-extreme-portable-ssd-250-gb-usb-3-1-walmart-b-m-40?src=featured-cat,Walmart,$40
Purchase Qualifying Fujifilm Camera/Lens & Recieve Luminar 4 Photo Software,/f/14045231-luminar-4-free-for-fuji-lens-owners?src=featured-cat,,Free
5TB Seagate Backup Plus USB 3.0 External Hard Drive,/f/14050355-5tb-seagate-backup-plus-usb-3-0-external-hard-drive-90-free-s-h?src=featured-cat,Staples,$90
AMD Ryzen 9 3900X 12-Core 3.8GHz AM4 Desktop Processor w/ Wraith Prism LED Cooler,/f/14051495-amd-ryzen-9-3900x-12-core-3-8ghz-am4-desktop-processor-w-wraith-prism-led-cooler-410-free-shipping?src=featured-cat,B&H Photo Video,$410
"128GB Apple iPad 7th Gen 10.2"" WiFi Tablet (2019 Model)",/f/14054792-apple-ipad-latest-model-with-wi-fi-128gb-all-colors-329-99?src=featured-cat,Best Buy,$330
Costco Members: 5TB Seagate Backup Plus Portable Hard Drive,/f/14039009-costco-members-5tb-seagate-backup-plus-portable-hard-drive-90-free-shipping?src=featured-cat,,$90
Affinity Photo software / Windows Store $25 Install up to 10x w/ MS account $24.99,/f/14057486-affinity-photo-software-windows-store-25-install-up-to-10x-w-ms-account-24-99?src=catpagev2,,$24.99
1TB AData XPG GAMMIX SSD S11 Pro Series NVMe SSD @Newegg $129,/f/14057561-1tb-adata-xpg-gammix-ssd-s11-pro-series-nvme-ssd-newegg-129?src=catpagev2,Newegg,$129
"LG 29"" UltraWide Full HD IPS Monitor -189.96, Sams club, $189.96",/f/14057504-lg-29-ultrawide-full-hd-ips-monitor-189-96-sams-club-189-96?src=catpagev2,Sam's Club,$189.96
TP-Link Archer A7 AC1750 Dual Band Gigabit Router *RFB* (+ Wifi Smart Plug) @B&H $40,/f/14053340-tp-link-archer-a7-ac1750-dual-band-gigabit-router-rfb-wifi-smart-plug-b-h-40?src=catpagev2,B&H Photo Video,$39.99
"Asus VivoBook 15 F512DA-DB34: 15.6'' FHD, Ryzen 3 3200U, 8GB DDR4, 128GB SSD, Win10S + F/S @ $299.99",/f/14057939-asus-vivobook-15-f512da-db34-15-6-fhd-ryzen-3-3200u-8gb-ddr4-128gb-ssd-win10s-f-s-299-99?src=catpagev2,,$299.99
The Premium Cisco CCNA & CCNP Lifetime Certification Prep Bundle (Lifetime Access) $20.96,/f/14055152-the-premium-cisco-ccna-ccnp-lifetime-certification-prep-bundle-lifetime-access-20-96?src=catpagev2,,
PowerSpec G162 Gaming Desktop PC AMD Ryzen 7 $769.99 + tax instore pickup only @MICROCENTER,/f/14054255-powerspec-g162-gaming-desktop-pc-amd-ryzen-7-769-99-tax-instore-pickup-only-microcenter?src=catpagev2,,$749.99
"Brother Wireless Laser Printer  HL-L2395DW,*RFB*  @Staples $75",/f/14057663-brother-wireless-laser-printer-hl-l2395dw-rfb-staples-75?src=catpagev2,Staples,$75
Corsair K63 Compact Mechanical Gaming Keyboard - Cherry MX Red $60,/f/14055104-corsair-k63-compact-mechanical-gaming-keyboard-cherry-mx-red-60?src=catpagev2,Amazon,$59.99
Brother MFC-L2710DW Wireless Black & White All-In-One Laser Printer *RFB* @Staples $95,/f/14057660-brother-mfc-l2710dw-wireless-black-white-all-in-one-laser-printer-rfb-staples-95?src=catpagev2,Staples,$95
"Rosewill Semi-Modular POWER SUPPLY / PSU, Glacier 700 Watt 80 Plus Bronze $49.99 + FS @ Amazon",/f/14057306-rosewill-semi-modular-power-supply-psu-glacier-700-watt-80-plus-bronze-49-99-fs-amazon?src=catpagev2,Amazon,$49.99
Dell UltraSharp 27 4K USB-C Monitor: U2720Q ($521.99 Reg $579.99) + Free Shipping,/f/14052638-dell-ultrasharp-27-4k-usb-c-monitor-u2720q-521-99-reg-579-99-free-shipping?src=catpagev2,,$521.99
32GB (2x 16) Team T-FORCE Za DDR4 3600 Desktop RAM Kit @Newegg $129.99,/f/14057579-32gb-2x-16-team-t-force-za-ddr4-3600-desktop-ram-kit-newegg-129-99?src=catpagev2,Newegg,$129.99
Jetstream AC3000 Tri-Band WiFi Gaming Router with 1GB RAM and 800 MHz Dual-Core Processing $50 @ Walmart.com $49.99,/f/14054588-jetstream-ac3000-tri-band-wifi-gaming-router-with-1gb-ram-and-800-mhz-dual-core-processing-50-walmart-com-49-99?src=catpagev2,Walmart,$49.99
Notability - MacOS App - $0.99,/f/14056592-notability-macos-app-0-99?src=catpagev2,,
16GB G.SKILL Ripjaws DDR4 2400 SO-DIMM Laptop RAM Module $57.99,/f/14053277-16gb-g-skill-ripjaws-ddr4-2400-so-dimm-laptop-ram-module-57-99?src=catpagev2,Newegg,$57.99
WD My Book 10TB USB 3.0 External Desktop Hard Drive WDBBGB0100HBK-NESN Black  &169.99 Free Shipping $169.99,/f/14057492-wd-my-book-10tb-usb-3-0-external-desktop-hard-drive-wdbbgb0100hbk-nesn-black-169-99-free-shipping-169-99?src=catpagev2,Newegg,$169.99
AMD Ryzen 9 3900X 12-Core 3.8GHz AM4 Desktop Processor w/ Wraith Prism LED Cooler,/f/14051495-amd-ryzen-9-3900x-12-core-3-8ghz-am4-desktop-processor-w-wraith-prism-led-cooler-410-free-shipping?src=catpagev2,B&H Photo Video,$410
AMD Ryzen 5 3600X Desktop Processor w/ Wraith Spire Cooler + Xbox Game Pass for PC @Newegg $199.99,/f/14053271-amd-ryzen-5-3600x-desktop-processor-w-wraith-spire-cooler-xbox-game-pass-for-pc-newegg-199-99?src=catpagev2,Newegg,$199.99
"ASUS Chromebook Laptop- 11.6"" Ruggedized and Spill Resistant Design with 180 Degree Hinge, Intel N3060 Celeron 4GB DDR3, 32GB $229",/f/14050694-asus-chromebook-laptop-11-6-ruggedized-and-spill-resistant-design-with-180-degree-hinge-intel-n3060-celeron-4gb-ddr3-32gb-229?src=catpagev2,Amazon,$229
Cooler Master MM830 Wired Optical Gaming Mouse with RGB Lighting - Gunmetal Black (CLEARANCE YMMV) $39.99,/f/14057042-cooler-master-mm830-wired-optical-gaming-mouse-with-rgb-lighting-gunmetal-black-clearance-ymmv-39-99?src=catpagev2,Best Buy,$39.99
TP-Link TL-SG1048 Unmanaged 48-Port Gigabit Switch - $169.99 AC,/f/14053175-tp-link-tl-sg1048-unmanaged-48-port-gigabit-switch-169-99-ac?src=catpagev2,Newegg,
Apple - iPad (Latest Model) with Wi-Fi - 32GB - Space  Gray. SAVE $80 $249.99,/f/14053580-apple-ipad-latest-model-with-wi-fi-32gb-space-gray-save-80-249-99?src=catpagev2,Best Buy,$249.99
"24"" LG 24BK430H-B 1920x1080 IPS LED Monitor w/ FreeSync $119.99",/f/14052137-24-lg-24bk430h-b-1920x1080-ips-led-monitor-w-freesync-119-99?src=catpagev2,Newegg,$119.99
"ROG Zephyrus M Thin and Portable Gaming Laptop, 15.6"" 240Hz FHD IPS, NVIDIA GeForce GTX 1660 Ti, Intel Core i7-9750H, 16GB DDR4 RAM, 512GB PCIe SSD, Per-Key RGB $1299.99 + FS",/f/14050448-rog-zephyrus-m-thin-and-portable-gaming-laptop-15-6-240hz-fhd-ips-nvidia-geforce-gtx-1660-ti-intel-core-i7-9750h-16gb-ddr4-ram-512gb-pcie-ssd-per-key-rgb-1299-99-fs?src=catpagev2,Newegg,"$1,299.99"
"32GB (2x16GB) G.SKILL DDR4 3200 Desktop Memory: Ripjaws V Series  $129.50, Aegis $120 + Free S&H",/f/14056721-32gb-2x16gb-g-skill-ddr4-3200-desktop-memory-ripjaws-v-series-129-50-aegis-120-free-s-h?src=catpagev2,eBay,$129.50
"Flash Memory Card Reader, UNITEK 3-Port USB 3.0 Hub SD MS CF TF M2 Card Reader Combo w/ 5V 2A Adapter Supports SanDisk Compact Flash Memory Card & Lexar Pro CompactFlash Card $8.99",/f/14056163-flash-memory-card-reader-unitek-3-port-usb-3-0-hub-sd-ms-cf-tf-m2-card-reader-combo-w-5v-2a-adapter-supports-sandisk-compact-flash-memory-card-lexar-pro-compactflash-card-8-99?src=catpagev2,Newegg,$8.99
Ubiquiti Networks UniFi nanoHD 4x4 MU-MIMO 802.11ac Wave-2 AP - $158.34 + F/S w/ Prime,/f/14052011-ubiquiti-networks-unifi-nanohd-4x4-mu-mimo-802-11ac-wave-2-ap-158-34-f-s-w-prime?src=catpagev2,Amazon,$158.34
Wacom - Bamboo Ink Smart Stylus for Windows Ink; 2nd Generation - Gray $35,/f/14052983-wacom-bamboo-ink-smart-stylus-for-windows-ink-2nd-generation-gray-35?src=catpagev2,Best Buy,$34.99
B&H: SanDisk 2TB Extreme Portable USB 3.1 Type-C External SSD $299,/f/14050808-b-h-sandisk-2tb-extreme-portable-usb-3-1-type-c-external-ssd-299?src=catpagev2,B&H Photo Video,$299
Surface Pro 7 Bundle  i7/16GB/256GB Bundle Black $1300 Costco Starts 5/20/20 with Typecover Pen $1299.99,/f/14056826-surface-pro-7-bundle-i7-16gb-256gb-bundle-black-1300-costco-starts-5-20-20-with-typecover-pen-1299-99?src=catpagev2,Costco Wholesale,"$1,299.99"
50% off Wifi network analysis software and hardware and bundles,/f/14057273-50-off-wifi-network-analysis-software-and-hardware-and-bundles?src=catpagev2,,
Netgear CM1100 32x8 Docsis 3.1 Cable Modem (refurb) - $94.99 + free ship at DealParade,/f/14052140-netgear-cm1100-32x8-docsis-3-1-cable-modem-refurb-94-99-free-ship-at-dealparade?src=catpagev2,,$94.99
G910 rgb mechanical gaming keyboard $99.99,/f/14050400-g910-rgb-mechanical-gaming-keyboard-99-99?src=catpagev2,,$99.99
Newegg - Rosewill RTK-ASM Anti-Static Mat - $12.50 FS,/f/14050715-newegg-rosewill-rtk-asm-anti-static-mat-12-50-fs?src=catpagev2,Newegg,
"YMMV 449.99 Samsung - Galaxy Tab S6 - 10.5"" - 128GB $449.99",/f/14057252-ymmv-449-99-samsung-galaxy-tab-s6-10-5-128gb-449-99?src=catpagev2,Walmart,$449.99
"Avast Cleanup Premium 2020, 5-Devices 1-Year (88% Off) for $4.99, AVG Internet Security 2020 5-Devices 1-Year for $11.99",/f/14052545-avast-cleanup-premium-2020-5-devices-1-year-88-off-for-4-99-avg-internet-security-2020-5-devices-1-year-for-11-99?src=catpagev2,Newegg,$4.99
"PNY Technologies 500GB SATA III 2.5"" Internal SSD $54.99 + Free Shipping",/f/14051828-pny-technologies-500gb-sata-iii-2-5-internal-ssd-54-99-free-shipping?src=catpagev2,B&H Photo Video,$54.99
"Blue TIKI Noise-Cancelling USB Microphone for Skype, Zoom & Recording $19.99 + FS",/f/14049737-blue-tiki-noise-cancelling-usb-microphone-for-skype-zoom-recording-19-99-fs?src=catpagev2,,$19.99
Ubiquiti UniFi AC UAP-AC-M-US Mesh  Access Point $76,/f/14056931-ubiquiti-unifi-ac-uap-ac-m-us-mesh-access-point-76?src=catpagev2,Staples,$76
HDR Projects 7 Professional: Photo Editing Software $30,/f/14057195-hdr-projects-7-professional-photo-editing-software-30?src=catpagev2,,
XFX - THICC II Pro AMD Radeon RX 5500 XT 8GB GDDR6 PCI Express 4.0 Graphics Card - Black $190,/f/14047736-xfx-thicc-ii-pro-amd-radeon-rx-5500-xt-8gb-gddr6-pci-express-4-0-graphics-card-black-190?src=catpagev2,Best Buy,$190
"AMD Ryzen 9 3900X 12-core, 24-Thread Unlocked Desktop Processor with Wraith Prism LED Cooler [Processor] $409",/f/14051843-amd-ryzen-9-3900x-12-core-24-thread-unlocked-desktop-processor-with-wraith-prism-led-cooler-processor-409?src=catpagev2,Amazon,$409.99
5TB Seagate Backup Plus USB 3.0 External Hard Drive,/f/14050355-5tb-seagate-backup-plus-usb-3-0-external-hard-drive-90-free-s-h?src=catpagev2,Staples,$90
Pacsafe Intasafe Z400 Shoulder Bag w/ RFIDsafe blocking material $66.73 or Pacsae Dry Beach Bag $74.73 + Free shipping,/f/14049971-pacsafe-intasafe-z400-shoulder-bag-w-rfidsafe-blocking-material-66-73-or-pacsae-dry-beach-bag-74-73-free-shipping?src=catpagev2,REI,$66.73
"Acer R251 bid 25"" Full HD 60Hz IPS LED Monitor for $109.99 @ Micro Center B&M Only",/f/14056502-acer-r251-bid-25-full-hd-60hz-ips-led-monitor-for-109-99-micro-center-b-m-only?src=catpagev2,,
AVG Internet Security (5 Devices) (1-Year Subscription) - Android|Mac|Windows $8,/f/14047721-avg-internet-security-5-devices-1-year-subscription-android-mac-windows-8?src=catpagev2,Best Buy,$8
Boxis AutoShred 110-Sheet Autofeed Microcut Shredder $99,/f/14051336-boxis-autoshred-110-sheet-autofeed-microcut-shredder-99?src=catpagev2,,$99
"Mac OS/Windows Digital Apps: Waltr 2 $5, iStat Menu or Commander One Pro",/f/14047286-bundlehunt-spring-deal-macos-and-windows-apps-including-istat-menus-flux-7-0-waltr-2-a-better-finder-attributes-6-etc-from-2?src=catpagev2,,$6
"Malwarebytes Anti-Malware Premium 3.0 (5 Devices/1-Year, Download)",/f/14047601-malwarebytes-anti-malware-3-0-5-devices-1-year-key-card-or-download-29-99?src=catpagev2,Newegg,$30
"Eluktronics RP-17 17.3"" 144Hz 16GB DDR4 3200MHz 512GB PCIe NVMe SSD RTX 2060 AMD Ryzen 7 4800H Gaming Laptop $1,189",/f/14055329-eluktronics-rp-17-17-3-144hz-16gb-ddr4-3200mhz-512gb-pcie-nvme-ssd-rtx-2060-amd-ryzen-7-4800h-gaming-laptop-1-189?src=catpagev2,,"$1,189"
"HP Laptop 15.6"" - Intel i5-1035G1 - 12 GB RAM - 256 GB NVMe SSD - FHD 1920 x 1080 - w/ free shipping - $610",/f/14045885-hp-laptop-15-6-intel-i5-1035g1-12-gb-ram-256-gb-nvme-ssd-fhd-1920-x-1080-w-free-shipping-610?src=catpagev2,,$610
Logitech G Pro Wired Headset $44.99 + Free Shipping,/f/14047526-logitech-g-pro-wired-headset-44-99-free-shipping?src=catpagev2,,$44.99
First Alert Onelink-Mesh Tri-Band WiFi Router System 2-pack at Costco $150,/f/14052818-first-alert-onelink-mesh-tri-band-wifi-router-system-2-pack-at-costco-150?src=catpagev2,Costco Wholesale,$150
"Cooler Master MasterCase H100 Mini-ITX Case w/ 200mm RGB Fan, Mesh Front Panel, Built-In Handle @Newegg (AR) $54",/f/14047916-cooler-master-mastercase-h100-mini-itx-case-w-200mm-rgb-fan-mesh-front-panel-built-in-handle-newegg-ar-54?src=catpagev2,Newegg,$49.99
"128GB Apple iPad 7th Gen 10.2"" WiFi Tablet (2019 Model)",/f/14054792-apple-ipad-latest-model-with-wi-fi-128gb-all-colors-329-99?src=catpagev2,Best Buy,$330
"onn-brand (Wal Mart) USB 2.0 Flash Drives, 16GB 3-pack - $7, 32GB - $3, 64GB - $5",/f/14046779-onn-brand-wal-mart-usb-2-0-flash-drives-16gb-3-pack-7-32gb-3-64gb-5?src=catpagev2,Walmart,
Staples Online Coupon: Additional Savings on Select Categories,/f/14050322-staples-online-coupon-25-off-100-or-more-free-shipping-thru-5-17?src=catpagev2,Staples,$25 off $100
Kobo Clara HD 6&quot; 300ppi Carta E-Ink 8GB Touchscreen WiFi E-Reader - KoboBooks.com $90,/f/14049878-kobo-clara-hd-6-amp-quot-300ppi-carta-e-ink-8gb-touchscreen-wifi-e-reader-kobobooks-com-90?src=catpagev2,,$90
Netgear CM500 16X4 Docsis 3.0 Cable Modem (Refurbished),/f/14054996-netgear-certified-refurbished-docsis-3-0-cable-modem-with-16x4-max-cm500-100nar-24-99?src=catpagev2,Walmart,$25
512GB XPG SX8100 M.2 2280 PCIe NVMe Solid State Drive + $5 Newegg Promo GC,/f/14045258-xpg-sx8100-512gb-pcie-gen3x4-m-2-2280-ssd-5-newegg-gc-for-64-99-fs?src=catpagev2,Newegg,$65
"Apple Smart Folio for 12.9"" iPad Pro (2018, Charcoal Gray)",/f/14045099-apple-smart-folio-for-12-9-inch-ipad-pro-2018-charcoal-gray-30?src=catpagev2,Verizon Wireless,$30
"GIGABYTE AERO 15 Classic-SA-U74ADP 15.6"" i7-9750H GTX 1660 Ti 16GB Memory 512GB SSD Gaming Laptop - $1339 AR + FS",/f/14052722-gigabyte-aero-15-classic-sa-u74adp-15-6-i7-9750h-gtx-1660-ti-16gb-memory-512gb-ssd-gaming-laptop-1339-ar-fs?src=catpagev2,Newegg,
WD 2TB Black USB 3.0 My Passport Portable HDD YMMV In Store Only $45,/f/14050376-wd-2tb-black-usb-3-0-my-passport-portable-hdd-ymmv-in-store-only-45?src=catpagev2,Walmart,$45
"Insignia™ - FlexView Folio Case for Most 10"" Tablets - Black and more $15",/f/14045147-insignia-flexview-folio-case-for-most-10-tablets-black-and-more-15?src=catpagev2,Best Buy,$15
Canon PIXMA iP110 Mobile Photo Printer $149.99,/f/14049302-canon-pixma-ip110-mobile-photo-printer-149-99?src=catpagev2,Adorama,$149.99
"ONN USB 2.0 Flash Drive, 16 GB, Walmart, $1.00, YMMV",/f/14053841-onn-usb-2-0-flash-drive-16-gb-walmart-1-00-ymmv?src=catpagev2,Walmart,$1
"Anker 5-in-1 USB-C Hub w/ 4K HDMI, 2x USB 3.0, SD & microSD Card Reader",/f/14044838-anker-5-in-1-usb-c-hub-with-4k-hdmi-2-usb-3-0-ports-sd-and-microsd-card-reader-17-99-ac-fsss?src=catpagev2,Amazon,$18
"Amazon: Select Discover Cardholders: Pay w/ Points, Get",/f/14049782-amazon-select-discover-cardholders-pay-w-points-get-20-off-max-20-discount?src=catpagev2,Amazon,20% Off
Get 50% off your Ledger Nano S with the code: WEARETHEBULLRUN,/f/14045075-get-50-off-your-ledger-nano-s-with-the-code-wearethebullrun?src=catpagev2,,$45.35
CORSAIR - DARK CORE RGB PRO Wireless Optical Gaming Mouse $70,/f/14049503-corsair-dark-core-rgb-pro-wireless-optical-gaming-mouse-70?src=catpagev2,Best Buy,$70
ASRock Challenger D Radeon RX 5500 XT CLD 4GO 4GB Video Card @Newegg (AR) $150,/f/14047910-asrock-challenger-d-radeon-rx-5500-xt-cld-4go-4gb-video-card-newegg-ar-150?src=catpagev2,Newegg,$150
WD Blue 2.5-Inch 3D NAND SATA SSD 250GB YMMV $30.00,/f/14047298-wd-blue-2-5-inch-3d-nand-sata-ssd-250gb-ymmv-30-00?src=catpagev2,Walmart,$30
"QGeeM 7 in 1 USB Type C Hub HDMI 4k Adapter,3 USB 3.0 Ports,SD/TF Card Readers,2018 Mac Air,Chromebook USB C @ $18 + F/S",/f/14053610-qgeem-7-in-1-usb-type-c-hub-hdmi-4k-adapter-3-usb-3-0-ports-sd-tf-card-readers-2018-mac-air-chromebook-usb-c-18-f-s?src=catpagev2,Amazon,$18.19
Obihai Technology OBi212 Voice Adapter with FXS Phone and FXO Gateway $69.99,/f/14045990-obihai-technology-obi212-voice-adapter-with-fxs-phone-and-fxo-gateway-69-99?src=catpagev2,Amazon,$69.99
"HP - 31.5"" IPS LED FHD Monitor - Black @ $189.99 + F/S",/f/14050799-hp-31-5-ips-led-fhd-monitor-black-189-99-f-s?src=catpagev2,Best Buy,
"Kobo Clara HD 6"" in walmart and kobobooks for $90",/f/14050910-kobo-clara-hd-6-in-walmart-and-kobobooks-for-90?src=catpagev2,,$90
BeFit Tracker (MACOS),/f/14045033-befit-tracker-macos?src=catpagev2,,
"Patriot 2.5"" 240GB SATA SSD $32.99 + Free Shipping",/f/14043665-patriot-2-5-240gb-sata-ssd-32-99-free-shipping?src=catpagev2,Newegg,$32.99
ASUS Blue Cave AC2600 Dual-Band Wi-Fi Router (Refurbished),/f/14042621-asus-blue-cave-ac2600-dual-band-wi-fi-router-refurbished-75-free-shipping?src=catpagev2,Newegg,$75
"Amazon.com: AOC Q32V3 32"" 2K QHD Monitor, VA Panel 3-Sided Frameless, 4ms 75Hz, 103% sRGB Coverage, VESA $210 + FREE S&H",/f/14048588-amazon-com-aoc-q32v3-32-2k-qhd-monitor-va-panel-3-sided-frameless-4ms-75hz-103-srgb-coverage-vesa-210-free-s-h?src=catpagev2,Amazon,
Corsair Void Elite Surround Premium Gaming Headset and CORSAIR Harpoon PRO Gaming Mouse Bundle - $89 + FS $89.98,/f/14054462-corsair-void-elite-surround-premium-gaming-headset-and-corsair-harpoon-pro-gaming-mouse-bundle-89-fs-89-98?src=catpagev2,Amazon,$89.98
Amazon Prime Exclusive: Apple AirPods Pro With Wireless Charging $227.99 + $5 off $10 Amazon Promo + Free Shipping,/f/14045102-amazon-prime-exclusive-apple-airpods-pro-with-wireless-charging-227-99-5-off-10-amazon-promo-free-shipping?src=catpagev2,Amazon,$227.99
"LG 34"" Class UltraWide Full HD IPS Monitor $299.99",/f/14044244-lg-34-class-ultrawide-full-hd-ips-monitor-299-99?src=catpagev2,,$299.99
ASUS ROG Strix Carry - Portable Wireless + Bluetooth Ergonomic Optical Gaming Mouse P508 $59.99,/f/14049203-asus-rog-strix-carry-portable-wireless-bluetooth-ergonomic-optical-gaming-mouse-p508-59-99?src=catpagev2,,$59.99
"IOGEAR 4-Port VGA Video Splitter / 1x4 Distribution Amplifier / Signal Booster, GVS74 $15.01 FS w/ Prime",/f/14054666-iogear-4-port-vga-video-splitter-1x4-distribution-amplifier-signal-booster-gvs74-15-01-fs-w-prime?src=catpagev2,Amazon,$15.01
ABKONCORE True 100% Anti-Ghosting Mechanical Keyboard K660 $32.49 AC + FSSS,/f/14045393-abkoncore-true-100-anti-ghosting-mechanical-keyboard-k660-32-49-ac-fsss?src=catpagev2,Amazon,$32.49
"Ebay - Lenovo ThinkPad X1 Yoga 3rd Gen, 14.0 FHD IPS Touch, i5-8350U, 16GB, 256GB SSD, Win10 Pro, 3Yr Warranty $999",/f/14044211-ebay-lenovo-thinkpad-x1-yoga-3rd-gen-14-0-fhd-ips-touch-i5-8350u-16gb-256gb-ssd-win10-pro-3yr-warranty-999?src=catpagev2,eBay,$999
ASUS ROG Gladius II Aura Sync USB Wired Optical Ergonomic Gaming Mouse with DPI target button (12000 DPI) $49.99,/f/14049197-asus-rog-gladius-ii-aura-sync-usb-wired-optical-ergonomic-gaming-mouse-with-dpi-target-button-12000-dpi-49-99?src=catpagev2,,$49.99
Be Quiet BL040 Pure Wings 2 140mm PWM Case Fan - Black $12.89,/f/14039084-be-quiet-bl040-pure-wings-2-140mm-pwm-case-fan-black-12-89?src=catpagev2,Amazon,$12.89
Cyclonis Password Manager for Unlimited Devices: Lifetime Subscription $5,/f/14055221-cyclonis-password-manager-for-unlimited-devices-lifetime-subscription-5?src=catpagev2,StackSocial,$5
MSI Radeon RX 580 8GT 8GB Video Card @Newegg (AR/AC)  @Newegg $140,/f/14045318-msi-radeon-rx-580-8gt-8gb-video-card-newegg-ar-ac-newegg-140?src=catpagev2,Newegg,$140
Metro Redux Bundle $7.19 @Fanatical,/f/14043446-metro-redux-bundle-7-19-fanatical?src=catpagev2,,$7.19
Razer Huntsman Tournament Optical Keyboard + Razer Viper Wired Optical Mouse $130,/f/14049188-razer-huntsman-tournament-optical-keyboard-razer-viper-wired-optical-mouse-130?src=catpagev2,Best Buy,$130
Atari Flashback Classic (Nintendo Switch) — $19.99,/f/14038568-atari-flashback-classic-nintendo-switch-19-99?src=catpagev2,,
NETGEAR CM600 (24x8) DOCSIS 3.0 Cable Modem @Staples (AC or less) $60,/f/14039600-netgear-cm600-24x8-docsis-3-0-cable-modem-staples-ac-or-less-60?src=catpagev2,Staples,$60
Tribute Video Montage for Any Occasion: Lifetime Subscription $22.50,/f/14046956-tribute-video-montage-for-any-occasion-lifetime-subscription-22-50?src=catpagev2,,
Stackable Coupon for 10% off Dell Latitude Laptops,/f/14044019-stackable-coupon-for-10-off-dell-latitude-laptops?src=catpagev2,,
ASUS TUF Gaming K5 Keyboard and M5 Mouse Combo $69.99,/f/14049191-asus-tuf-gaming-k5-keyboard-and-m5-mouse-combo-69-99?src=catpagev2,,$69.99
Recoverit Data Recovery Software $36.75,/f/14039282-recoverit-data-recovery-software-36-75?src=catpagev2,,$36.75
Monoprice Dark Matter Curved 34 Inch Ultrawide Monitor $499.99,/f/14044724-monoprice-dark-matter-curved-34-inch-ultrawide-monitor-499-99?src=catpagev2,,$499.99
BitFenix BFA-RGB-60MK30N-RP Alchemy 2.0 RGB LED Magnetic Strip - 60cm - $13 Shipped,/f/14046644-bitfenix-bfa-rgb-60mk30n-rp-alchemy-2-0-rgb-led-magnetic-strip-60cm-13-shipped?src=catpagev2,Newegg,$12.94
Kaspersky.com 20% OFF your home security products with Use code SLICK20 at checkout. $23.99,/f/14043503-kaspersky-com-20-off-your-home-security-products-with-use-code-slick20-at-checkout-23-99?src=catpagev2,,$23.99
SanDisk Extreme Portable SSD 250 GB USB 3.1 Walmart B&M $40,/f/14041472-sandisk-extreme-portable-ssd-250-gb-usb-3-1-walmart-b-m-40?src=catpagev2,Walmart,$40
CORSAIR Vengeance LPX 16GB (2 x 8GB) 288-Pin DDR4 SDRAM DDR4 3200 (PC4 25600) Intel XMP 2.0 Desktop Memory $79.99 + FS,/f/14047898-corsair-vengeance-lpx-16gb-2-x-8gb-288-pin-ddr4-sdram-ddr4-3200-pc4-25600-intel-xmp-2-0-desktop-memory-79-99-fs?src=catpagev2,Newegg,
Apple USB-C Charge Cable (2m) $13.99,/f/14037152-apple-usb-c-charge-cable-2m-13-99?src=catpagev2,Amazon,$13.99
Flame Painter 4: Lifetime Subscription $14.25,/f/14038460-flame-painter-4-lifetime-subscription-14-25?src=catpagev2,,
"HP Laptop 15.6"" touch - AMD Ryzen 7 3700U - 12 GB RAM - 512 GB NVMe SSD - FHD IPS 1920 x 1080 - w/ free shipping - $630",/f/14045924-hp-laptop-15-6-touch-amd-ryzen-7-3700u-12-gb-ram-512-gb-nvme-ssd-fhd-ips-1920-x-1080-w-free-shipping-630?src=catpagev2,HP,$630
eBags Professional Slim Laptop Backpack - $69.99 + Free Shipping,/f/14043374-ebags-professional-slim-laptop-backpack-69-99-free-shipping?src=catpagev2,,$69.99
"Team Group T-FORCE T253TM500G3C302 2.5"" 500GB SATA III 3D NAND Internal RGB Solid State Drive (SSD) for $83.99 + FS",/f/14046737-team-group-t-force-t253tm500g3c302-2-5-500gb-sata-iii-3d-nand-internal-rgb-solid-state-drive-ssd-for-83-99-fs?src=catpagev2,Newegg,$83.99
"Surface Go 2 Bundle  10.5"" 8gb 128gb Pen + Keyboard $650 Costo",/f/14037098-surface-go-2-bundle-10-5-8gb-128gb-pen-keyboard-650-costo?src=catpagev2,,$650
Clearance Routers At Wal-Mart,/f/14043764-clearance-routers-at-wal-mart?src=catpagev2,Walmart,$199
"MSI 27"" Curved 1920x1080 HDMI DP 165Hz 1ms FreeSync LCD Gaming Monitor - Optix G27C4 $139 YMMV",/f/14044250-msi-27-curved-1920x1080-hdmi-dp-165hz-1ms-freesync-lcd-gaming-monitor-optix-g27c4-139-ymmv?src=catpagev2,Walmart,$139
ASUS MAP-AC2200 Lyra AC2200 Tri-Band Whole-Home Mesh Wi-Fi System *RFB* @Newegg $140,/f/14045345-asus-map-ac2200-lyra-ac2200-tri-band-whole-home-mesh-wi-fi-system-rfb-newegg-140?src=catpagev2,Newegg,$140
EVGA CLC 240mm All-In-One RGB LED CPU Liquid Cooler @Newegg (AR) $86,/f/14041598-evga-clc-240mm-all-in-one-rgb-led-cpu-liquid-cooler-newegg-ar-86?src=catpagev2,Newegg,$86
Linksys LAPAC1750C AC1750 Dual-Band Cloud Wireless Access Point $149.99,/f/14030723-linksys-lapac1750c-ac1750-dual-band-cloud-wireless-access-point-149-99?src=catpagev2,,$149.99
TP-Link AC1200 WiFi Router - Dual Band Wireless Internet Router (Archer A5) for $25.99 + FSSS,/f/14046830-tp-link-ac1200-wifi-router-dual-band-wireless-internet-router-archer-a5-for-25-99-fsss?src=catpagev2,Amazon,
Fotor Online Pro: Lifetime Subscription $52.50,/f/14038688-fotor-online-pro-lifetime-subscription-52-50?src=catpagev2,StackSocial,
google wifi  3 pack $159 YMMV,/f/14035637-google-wifi-3-pack-159-ymmv?src=catpagev2,Walmart,$159
G.SKILL TridentZ Neo RGB 32GB (2x16GB) DDR4 3600 CL16 @ Newegg $175,/f/14045381-g-skill-tridentz-neo-rgb-32gb-2x16gb-ddr4-3600-cl16-newegg-175?src=catpagev2,Newegg,$175
JumpStory Authentic Stock Photography: Lifetime Membership $75,/f/14042735-jumpstory-authentic-stock-photography-lifetime-membership-75?src=catpagev2,,
Keychron keyboards 10% off coupon 9394KEY10OFF,/f/14029862-keychron-keyboards-10-off-coupon-9394key10off?src=catpagev2,,
The Complete 2020 Microsoft Excel Expert Bundle (Lifetime Access) $18,/f/14030603-the-complete-2020-microsoft-excel-expert-bundle-lifetime-access-18?src=catpagev2,,
G-Technology 4TB G-DRIVE USB G1 USB 3.0 Hard Drive $115,/f/14047643-g-technology-4tb-g-drive-usb-g1-usb-3-0-hard-drive-115?src=catpagev2,B&H Photo Video,$115
"Samsung - Galaxy Tab S5e - 10.5"" - 64GB $349.99 AMAZON",/f/14036990-samsung-galaxy-tab-s5e-10-5-64gb-349-99-amazon?src=catpagev2,Amazon,$349.99
CORSAIR Hydro Series H115i PRO CW-9060032-WW Liquid Cooling System (refurbished) for $94.99 AC & AR + FS,/f/14045399-corsair-hydro-series-h115i-pro-cw-9060032-ww-liquid-cooling-system-refurbished-for-94-99-ac-ar-fs?src=catpagev2,Newegg,
The Ultimate 2020 White Hat Hacker 10-Course Certification Bundle (Lifetime Access) $23.94,/f/14045189-the-ultimate-2020-white-hat-hacker-10-course-certification-bundle-lifetime-access-23-94?src=catpagev2,StackSocial,$23.94
TP-LINK Archer C7 AC1750 Router $59.99,/f/14042315-tp-link-archer-c7-ac1750-router-59-99?src=catpagev2,,$59.99
"Lenovo Legion Y540 15.6"" FHD 144Hz Gaming Laptop i7-9750H 16GB 256GB SSD GTX 1660Ti 6GB + Office 365 1yr for $999.99, Shipping is free.Plus: YMMV use 5%Ebay bucks offer to get $50",/f/14029466-lenovo-legion-y540-15-6-fhd-144hz-gaming-laptop-i7-9750h-16gb-256gb-ssd-gtx-1660ti-6gb-office-365-1yr-for-999-99-shipping-is-free-plus-ymmv-use-5-ebay-bucks-offer-to-get-50?src=catpagev2,eBay,
AMD RYZEN 9 3900X 12-Core 3.8 GHz (4.6 GHz Max Boost) Socket AM4 + 3-Month Xbox Game Pass $424 + Free Shipping,/f/14046134-amd-ryzen-9-3900x-12-core-3-8-ghz-4-6-ghz-max-boost-socket-am4-3-month-xbox-game-pass-424-free-shipping?src=catpagev2,Amazon,$424.99
16GB (2x 8) G.SKILL Ripjaws Series DDR4 2400 SO-DIMM Laptop RAM Kit @Newegg $59.99,/f/14036810-16gb-2x-8-g-skill-ripjaws-series-ddr4-2400-so-dimm-laptop-ram-kit-newegg-59-99?src=catpagev2,Newegg,$59.99
HyperX Alloy Origins Wired Gaming Mechanical Red Switch Keyboard w/ RGB $89.99 + Free Shipping,/f/14044427-hyperx-alloy-origins-wired-gaming-mechanical-red-switch-keyboard-w-rgb-89-99-free-shipping?src=catpagev2,GameStop,$89.99
"Patriot Burst 2.5"" 120GB SATA III Internal Solid State Drive (SSD) PBU120GS25SSDR for $23.99 + FS",/f/14042681-patriot-burst-2-5-120gb-sata-iii-internal-solid-state-drive-ssd-pbu120gs25ssdr-for-23-99-fs?src=catpagev2,Newegg,
The Complete Ableton Live 10 Music Production Training Bundle - 6 Courses (Lifetime Access)  $18,/f/14030420-the-complete-ableton-live-10-music-production-training-bundle-6-courses-lifetime-access-18?src=catpagev2,StackSocial,$18
ABKONCORE Gaming Mouse A660 $19.99 AC + FSSS,/f/14047847-abkoncore-gaming-mouse-a660-19-99-ac-fsss?src=catpagev2,Amazon,
Purchase Qualifying Fujifilm Camera/Lens & Recieve Luminar 4 Photo Software,/f/14045231-luminar-4-free-for-fuji-lens-owners?src=catpagev2,,Free
EVGA CLC 360mm All-In-One RGB LED CPU Liquid Cooler + EVGA T-Shirt (XL),/f/14034242-evga-clc-360mm-all-in-one-rgb-led-cpu-liquid-cooler-3x-fx12-120mm-pwm-fans-intel-amd-5-yr-warranty-400-hy-cl36-v1-100-or-lower?src=catpagev2,,$100
"LG 29"" UltraWide Full HD 75Hz FreeSync IPS Monitor with HDR10",/f/14034206-new-2020-lg-29-inch-ultrawide-fhd-ips-monitor-w-hdr10-249-96-for-sam-s-members?src=catpagev2,Sam's Club,$250
16GB (2x 8) G.SKILL Ripjaws V Series DDR4 3600 C16 Desktop Memory $78.99,/f/14045327-16gb-2x-8-g-skill-ripjaws-v-series-ddr4-3600-c16-desktop-memory-78-99?src=catpagev2,Newegg,$78.99
16GB (2x 8) G.SKILL Ripjaws V Series DDR4 3200 CL16 Desktop Memory $69.99,/f/14042675-16gb-2x-8-g-skill-ripjaws-v-series-ddr4-3200-cl16-desktop-memory-69-99?src=catpagev2,Newegg,$69.99
"DEEPCOOL Liquid CPU Cooler , Synchronous RGB, 2 RGB strips $89.99",/f/14027822-deepcool-liquid-cpu-cooler-synchronous-rgb-2-rgb-strips-89-99?src=catpagev2,Amazon,$89.99
1-Year Quicken Deluxe 2020 Personal Finance Subscription (PC/Mac Digital),/f/14045405-quicken-deluxe-2020-personal-finance-1-year-windows-mac-download-24-99-ac-fs?src=catpagev2,Newegg,$25
16-Port TP-Link TL-SG116 Metal Unmanaged Gigabit Ethernet Network Switch,/f/14034164-16-port-tp-link-tl-sg116-metal-unmanaged-gigabit-ethernet-network-switch-45-free-s-h?src=catpagev2,Amazon,$45
Acronis True Image 2020 1 Device @Newegg $15,/f/14045348-acronis-true-image-2020-1-device-newegg-15?src=catpagev2,Newegg,$15
eLearnExcel: The 2020 Excel Certification School Bundle (Lifetime Access) $29.49,/f/14021939-elearnexcel-the-2020-excel-certification-school-bundle-lifetime-access-29-49?src=catpagev2,,
Cyberpower Pc with AMD 3700x and Geoforce 2070 Super for $1349,/f/14041619-cyberpower-pc-with-amd-3700x-and-geoforce-2070-super-for-1349?src=catpagev2,Best Buy,
Dell Chromebook 3100 （35% off use code save35)$245.14,/f/14028221-dell-chromebook-3100-35-off-use-code-save35-245-14?src=catpagev2,,$245.14
Corsair K95 RGB Platinum XT Mechanical Gaming Keyboard (Latest Model) (YMMV) $129.99,/f/14029607-corsair-k95-rgb-platinum-xt-mechanical-gaming-keyboard-latest-model-ymmv-129-99?src=catpagev2,Amazon,$129.99
"Microsoft Sculpt Comfort Desktop Wireless Keyboard & Mouse, Black (L3V-00001) $57.29  + Free Shipping",/f/14035604-microsoft-sculpt-comfort-desktop-wireless-keyboard-amp-mouse-black-l3v-00001-57-29-free-shipping?src=catpagev2,Staples,$57.29
TP-Link Deco M9 Plus Tri-Band WiFi (3-Pack) $199.99 Costco,/f/14044463-tp-link-deco-m9-plus-tri-band-wifi-3-pack-199-99-costco?src=catpagev2,,
"Lenovo ThinkPad E15 Notebook, 15.6"" FHD Display, Intel Core i5-10210U Upto 4.2GHz, 16GB RAM, 256GB NVMe + 500GB HDD - $879 Shipped",/f/14022143-lenovo-thinkpad-e15-notebook-15-6-fhd-display-intel-core-i5-10210u-upto-4-2ghz-16gb-ram-256gb-nvme-500gb-hdd-879-shipped?src=catpagev2,Newegg,
Mobile Pixels DUEX Pro Portable USB-C Slide-Out 1080p 12.5in IPS Laptop Dual Monitor $183 Shipped AC,/f/14020145-mobile-pixels-duex-pro-portable-usb-c-slide-out-1080p-12-5in-ips-laptop-dual-monitor-183-shipped-ac?src=catpagev2,,$183
ASRock Phantom Gaming D Radeon RX 570 DirectX 12 RX570 4G 4GB 256-Bit GDDR5 PCI $114.99 Free Shipping at Newegg Ebay,/f/14042363-asrock-phantom-gaming-d-radeon-rx-570-directx-12-rx570-4g-4gb-256-bit-gddr5-pci-114-99-free-shipping-at-newegg-ebay?src=catpagev2,eBay,$114.99
"Costco Acer 34"" Class QHD IPS FreeSync Monitor $369.99  Model  CB342CK",/f/14042081-costco-acer-34-class-qhd-ips-freesync-monitor-369-99-model-cb342ck?src=catpagev2,Costco Wholesale,$369.99
"Ebay - Lenovo Yoga 730 15"", 15.6 UHD IPS Touch, i7-8550U, 16 GB (8+8), 1 TB SSD, GTX 1050",/f/14029292-ebay-lenovo-yoga-730-15-quot-15-6-uhd-ips-touch-i7-8550u-16-gb-8-8-1-tb-ssd-gtx-1050?src=catpagev2,eBay,$999.99
Cooler Master MM710 ($40.88) (18% off),/f/14029169-cooler-master-mm710-40-88-18-off?src=catpagev2,Amazon,$40.88
"Insignia™ - Twice Reinforced HD Glass Screen Protector for Apple® 9.7"" iPad® (5th gen. and 6th gen.) - Crystal clear $10",/f/14028806-insignia-twice-reinforced-hd-glass-screen-protector-for-apple-9-7-ipad-5th-gen-and-6th-gen-crystal-clear-10?src=catpagev2,Best Buy,$10
"LG 32UD89-W 31.5"" 16:9 4K FreeSync IPS Monitor $499.99",/f/14033270-lg-32ud89-w-31-5-16-9-4k-freesync-ips-monitor-499-99?src=catpagev2,B&H Photo Video,$499.99
Linksys Velop Mesh WiFi Router | Walmart YMMV,/f/14042960-linksys-velop-mesh-wifi-router-walmart-ymmv?src=catpagev2,Walmart,$78.99
ITG.digital Online Illustrations Builder Pro: Lifetime Subscription $22.50,/f/14022095-itg-digital-online-illustrations-builder-pro-lifetime-subscription-22-50?src=catpagev2,StackSocial,
TP-LINK 10/100/1000 Gigabit PCIe Ethernet Network Card $11.99,/f/14021294-tp-link-10-100-1000-gigabit-pcie-ethernet-network-card-11-99?src=catpagev2,Newegg,$11.99
Star Wars: Knights of the Old Republic iOS &amp; Android $4.99,/f/14020148-star-wars-knights-of-the-old-republic-ios-amp-amp-android-4-99?src=catpagev2,,$4.99
TP-LINK TL-SG116E 16-Port Gigabit Pro Switch w/QOS+IGMP @Newegg $49.99,/f/14041454-tp-link-tl-sg116e-16-port-gigabit-pro-switch-w-qos-igmp-newegg-49-99?src=catpagev2,Newegg,$49.99
"NETGEAR RBK30 Orbi Mesh WiFi System AC2200, (RBK30-100NAS) $99 at Walmart YMMV B&M",/f/14040917-netgear-rbk30-orbi-mesh-wifi-system-ac2200-rbk30-100nas-99-at-walmart-ymmv-b-m?src=catpagev2,Walmart,$99
"Lenovo IdeaPad 15.6"" Laptop - AMD Ryzen 3 3200U - 8GB RAM - 256GB NVMe SSD - 1080p 1920 x 1080 - Platinum Gray w/ free shipping at BestBuy - $380",/f/14040734-lenovo-ideapad-15-6-laptop-amd-ryzen-3-3200u-8gb-ram-256gb-nvme-ssd-1080p-1920-x-1080-platinum-gray-w-free-shipping-at-bestbuy-380?src=catpagev2,Best Buy,$380
"Steam Golden Week 2020 (April 30 -May 6) 50%+ Off (I.e. Final Fantasy VII Original, $5.99)",/f/14027861-steam-golden-week-2020-april-30-may-6-50-off-i-e-final-fantasy-vii-original-5-99?src=catpagev2,,$5.99
"Team Group GX2 2.5"" 512GB SATA III Internal Solid State Drive (SSD) - $54.99 + FS",/f/14034566-team-group-gx2-2-5-512gb-sata-iii-internal-solid-state-drive-ssd-54-99-fs?src=catpagev2,Newegg,$54.99
"ASRock Radeon RX 5700 XT DirectX 12 RX 5700 XT CHALLENGER D 8G OC 8GB 256-Bit GDDR6 PCI Express 4.0 HDCP Ready Video Card for $379, plus an additional $20 rebate",/f/14044940-asrock-radeon-rx-5700-xt-directx-12-rx-5700-xt-challenger-d-8g-oc-8gb-256-bit-gddr6-pci-express-4-0-hdcp-ready-video-card-for-379-plus-an-additional-20-rebate?src=catpagev2,Newegg,$379
5-Pack Verbatim PinStripe 32GB USB 2.0 Flash Drives $23 (Asst. Colors) & More + Free Shipping,/f/14020637-5-pack-verbatim-pinstripe-32gb-usb-2-0-flash-drives-23-asst-colors-more-free-shipping?src=catpagev2,Staples,$23
Anker Power Strip PowerPort Cube USB with 3 Outlets and 3 USB Ports $17.99 AC + FSSS,/f/14020160-anker-power-strip-powerport-cube-usb-with-3-outlets-and-3-usb-ports-17-99-ac-fsss?src=catpagev2,Amazon,
"Epson Photo Paper: 4"" x 6"" Value Photo Paper Glossy: 50-Sheets $3, 20-Sheets",/f/14040497-epson-photo-paper-4-x-6-value-photo-paper-glossy-50-sheets-3-20-sheets-2-more-free-shipping?src=catpagev2,,$2
PCCOOLER CORONA RGB Fan 5-in-1 Kit $65.99 + FS,/f/14026406-pccooler-corona-rgb-fan-5-in-1-kit-65-99-fs?src=catpagev2,Newegg,
Qanba Crystal Arcade Stick (Fightstick) for PlayStation 4 and PC $119.99,/f/14033432-qanba-crystal-arcade-stick-fightstick-for-playstation-4-and-pc-119-99?src=catpagev2,,$119.99
Intel Core i5-9400 Desktop Processor 6 Cores up to 4.1 GHz Turbo LGA1151 300 Series 65W Processors for $149.99,/f/14018759-intel-core-i5-9400-desktop-processor-6-cores-up-to-4-1-ghz-turbo-lga1151-300-series-65w-processors-for-149-99?src=catpagev2,Amazon,$149.99
GIGABYTE RX 570 GV-RX570GAMING-4GD Rev2 4GB Video Card + XBox Game Pass@Newegg $115,/f/14013152-gigabyte-rx-570-gv-rx570gaming-4gd-rev2-4gb-video-card-xbox-game-pass-newegg-115?src=catpagev2,Newegg,$115
45% off Dell refurbished desktops,/f/14041370-45-off-dell-refurbished-desktops?src=catpagev2,,
1-Year Quicken Deluxe 2020 Personal Finance Subscription (PC/Mac Digital),/f/14025020-1-year-quicken-deluxe-2020-personal-finance-subscription-pc-mac-digital-30?src=catpagev2,,$30
Costco In store only Ogio Backpack $19.99 originally $54.99,/f/14032964-costco-in-store-only-ogio-backpack-19-99-originally-54-99?src=catpagev2,Costco Wholesale,
"MSI Optix MAG161V 15.6"" Full HD 60Hz mini-HDMI USB-C Portable IPS LED Monitor $170",/f/14017715-msi-optix-mag161v-15-6-full-hd-60hz-mini-hdmi-usb-c-portable-ips-led-monitor-170?src=catpagev2,,$170
Portal Turbocharged Self-Optimizing Urban AC2400 Gigabit Wireless AC Router $74.99,/f/14013947-portal-turbocharged-self-optimizing-urban-ac2400-gigabit-wireless-ac-router-74-99?src=catpagev2,,$74.99
"Razer Huntsman Elite $124, Blackwidow Elite $79 @ Walmart IN STORE YMMV Clearance",/f/14039774-razer-huntsman-elite-124-blackwidow-elite-79-walmart-in-store-ymmv-clearance?src=catpagev2,Walmart,$124
27'' HP Healthcare Edition HC271p QHD 2560 x 1440 60Hz 12ms(GTG) Today only $159.99,/f/14039351-27-hp-healthcare-edition-hc271p-qhd-2560-x-1440-60hz-12ms-gtg-today-only-159-99?src=catpagev2,Newegg,$159.99
Bloody B930 TKL Tenkeyless Optical Gaming Keyboard - on sale $69.99 - opto-mechanical - compare to razer huntstman elite series,/f/14025317-bloody-b930-tkl-tenkeyless-optical-gaming-keyboard-on-sale-69-99-opto-mechanical-compare-to-razer-huntstman-elite-series?src=catpagev2,Amazon,$69.99
G.SKILL Ripjaws V Series 8GB (2 x 4GB) 288-Pin DDR4 SDRAM DDR4 3200 (PC4 25600) Desktop Memory for $43.99 + Free Shipping,/f/14024558-g-skill-ripjaws-v-series-8gb-2-x-4gb-288-pin-ddr4-sdram-ddr4-3200-pc4-25600-desktop-memory-for-43-99-free-shipping?src=catpagev2,Newegg,$47.99
"""Enjoy $10 off Sitewide"" at newegg.com (YMMV, targeted)",/f/14024954-enjoy-10-off-sitewide-at-newegg-com-ymmv-targeted?src=catpagev2,Newegg,
"Dell Inspiron 14 5491 2-in-1 Touch Laptop (Refurb) i7-10510U, 8GB RAM, 512GB SSD",/f/14031506-dell-inspiron-14-5491-2-in-1-touch-laptop-refurb-i7-10510u-8gb-ram-512gb-ssd-636-free-shipping?src=catpagev2,,$636
"Sager NP7958F1-S Gaming laptop: 15.6'' FHD 144 Hz IPS, Ryzen 9 3900, 32GB DDR4, 1TB PCIe SSD, RTX 2070, No OS @ $1764.49 + F/S",/f/14017736-sager-np7958f1-s-gaming-laptop-15-6-fhd-144-hz-ips-ryzen-9-3900-32gb-ddr4-1tb-pcie-ssd-rtx-2070-no-os-1764-49-f-s?src=catpagev2,,"$1,764.49"
Serato Play Expansion for Serato DJ - Free Month of May,/f/14017913-serato-play-expansion-for-serato-dj-free-month-of-may?src=catpagev2,,
Bitdefender BOX 2 - Next Generation Smart Home Cybersecurity Hub $119.99,/f/14013296-bitdefender-box-2-next-generation-smart-home-cybersecurity-hub-119-99?src=catpagev2,Newegg,$119.99
Costco Members: 5TB Seagate Backup Plus Portable Hard Drive,/f/14039009-costco-members-5tb-seagate-backup-plus-portable-hard-drive-90-free-shipping?src=catpagev2,Costco Wholesale,$90
Waves Platinum VST Bundle $227.4,/f/14024519-waves-platinum-vst-bundle-227-4?src=catpagev2,,$227.40
ASRock Phantom Gaming X Radeon RX Vega 56 DirectX 12 RX VEGA 56 8GB PCI Express 3.0 HDCP Ready Video Card $244.99 + Free Shipping,/f/14024540-asrock-phantom-gaming-x-radeon-rx-vega-56-directx-12-rx-vega-56-8gb-pci-express-3-0-hdcp-ready-video-card-244-99-free-shipping?src=catpagev2,Newegg,$244.99
TP-LINK TL-SG1024D 24-Port Gigabit Desktop|Rackmount Switch @Newegg $60,/f/14032001-tp-link-tl-sg1024d-24-port-gigabit-desktop-rackmount-switch-newegg-60?src=catpagev2,Newegg,$60
"Acer Chromebook 14, Intel Atom x5-E8000 Quad-Core Processor, 14"" HD, 4GB LPDDR3, 32GB eMMC, Protective Sleeve, CB3-431-12K1 $239.99",/f/14032409-acer-chromebook-14-intel-atom-x5-e8000-quad-core-processor-14-hd-4gb-lpddr3-32gb-emmc-protective-sleeve-cb3-431-12k1-239-99?src=catpagev2,Walmart,$239.99
"Asus TUF FX505DU-WB72: Ryzen 7 3750H, 8GB DDR4, 256GB PCIe SSD, GTX 1660 Ti, Win10H @ $799 + F/S",/f/14016731-asus-tuf-fx505du-wb72-ryzen-7-3750h-8gb-ddr4-256gb-pcie-ssd-gtx-1660-ti-win10h-799-f-s?src=catpagev2,Walmart,$799
Panamax 8-Outlet Surge Protector for $115 + FS,/f/14012984-panamax-8-outlet-surge-protector-for-115-fs?src=catpagev2,Best Buy,
Humm.ly -Live Better with Music App: Lifetime Subscription $30,/f/14024531-humm-ly-live-better-with-music-app-lifetime-subscription-30?src=catpagev2,StackSocial,
Corsair K70 RGB MK.2 Low Profile Rapidfire Mechanical Gaming Keyboard (Cherry MX) $110 + Free Shipping,/f/14031479-corsair-k70-rgb-mk-2-low-profile-rapidfire-mechanical-gaming-keyboard-cherry-mx-110-free-shipping?src=catpagev2,Best Buy,
"LG Gram 14"", 10th Gen i7 (Ice Lake), 256 GB SSD, 8 GB RAM (upgradeable), 2.2 lbs -- $999 @ Costco",/f/14032010-lg-gram-14-10th-gen-i7-ice-lake-256-gb-ssd-8-gb-ram-upgradeable-2-2-lbs-999-costco?src=catpagev2,Costco Wholesale,$999
Phanteks Eclipse P360X Compact Tempered Glass E-ATX Mid Tower Case @Newegg (AR) $69.99,/f/14031956-phanteks-eclipse-p360x-compact-tempered-glass-e-atx-mid-tower-case-newegg-ar-69-99?src=catpagev2,Newegg,$69.99
"VisionTek Radeon RX 5500 XT GDDR6 Graphics Card: 4GB $150, 8GB",/f/14016641-visiontek-radeon-rx-5500-xt-gddr6-graphics-card-4gb-150-8gb-180-free-shipping?src=catpagev2,Dell Home & Office,$180
"Affinity Designer, Photo, Publisher each 50% off ($25 Win/Mac, $10 iPad) or 90 day free trial $24.99",/f/14013371-affinity-designer-photo-publisher-each-50-off-25-win-mac-10-ipad-or-90-day-free-trial-24-99?src=catpagev2,,$24.99
Apple Magic Keyboard for 11” iPad Pro - Best Buy open box excellent $256.99,/f/14023694-apple-magic-keyboard-for-11-ipad-pro-best-buy-open-box-excellent-256-99?src=catpagev2,Best Buy,
"ASUS - ImagineBook MJ401TA 14"" Laptop - Intel Core m3 - 4GB Memory - 128GB Solid State Drive - Textured White - $300 at Best Buy",/f/14004188-asus-imaginebook-mj401ta-14-laptop-intel-core-m3-4gb-memory-128gb-solid-state-drive-textured-white-300-at-best-buy?src=catpagev2,Best Buy,
YouCam 9 Deluxe for Windows: Lifetime Subscription $26.25,/f/14031023-youcam-9-deluxe-for-windows-lifetime-subscription-26-25?src=catpagev2,StackSocial,
"Anker 48W 2-Port PIQ 3.0 Fast Charger Adapter, PowerDrive+ III Duo with Power Delivery $17.99",/f/14031071-anker-48w-2-port-piq-3-0-fast-charger-adapter-powerdrive-iii-duo-with-power-delivery-17-99?src=catpagev2,Newegg,$17.99
"TP-Link AC1900 Smart WiFi Router - High Speed MU- MIMO Router, Dual Band (Archer A9) for $79.99 + FSSS",/f/14016944-tp-link-ac1900-smart-wifi-router-high-speed-mu-mimo-router-dual-band-archer-a9-for-79-99-fsss?src=catpagev2,Amazon,
Targus Work + Play Fitness Backpack for 15.6 in. Laptop (Black/Yellow) $33.71 (63% Off) + FS,/f/14013146-targus-work-play-fitness-backpack-for-15-6-in-laptop-black-yellow-33-71-63-off-fs?src=catpagev2,,
NETGEAR Nighthawk X6 – AC3000 Tri-Band Wi-Fi Gigabit Router $130 for Sam's Club Member + Free Club Pickup,/f/14021405-netgear-nighthawk-x6-ac3000-tri-band-wi-fi-gigabit-router-130-for-sam-s-club-member-free-club-pickup?src=catpagev2,Sam's Club,$129.88
Razer Huntsman Opto-Mechanical Switch RGB Wired Gaming Keyboard,/f/14021090-razer-huntsman-opto-mechanical-switch-rgb-wired-gaming-keyboard-90-free-shipping?src=catpagev2,Amazon,$90
Mac PDF Plus - Merge & Split PDFs,/f/14002631-mac-pdf-plus-merge-split-pdfs?src=catpagev2,,
"Sager NP8458F2-S (Clevo PB51DF2) 144Hz nVidia RTX 2070 Super 8GB, 10th Gen Intel Core i7-10875H (8 core) - $1,488.67 (no tax for many)  via Gentech PC",/f/14016197-sager-np8458f2-s-clevo-pb51df2-144hz-nvidia-rtx-2070-super-8gb-10th-gen-intel-core-i7-10875h-8-core-1-488-67-no-tax-for-many-via-gentech-pc?src=catpagev2,,
"Eluktronics MECH-17 G1Rx Slim & Light 17.3"" i7-9750H RTX 2080 Gaming Laptop $1,599 + Free Shipping",/f/14015810-eluktronics-mech-17-g1rx-slim-light-17-3-i7-9750h-rtx-2080-gaming-laptop-1-599-free-shipping?src=catpagev2,,"$1,599"
Team Group TCUSDH32GUHS40 32GB Color microSDHC UHS-I/U1 Class 10 Memory Card - $4.99 + FS,/f/14013074-team-group-tcusdh32guhs40-32gb-color-microsdhc-uhs-i-u1-class-10-memory-card-4-99-fs?src=catpagev2,Newegg,
"Lenovo IdeaPad S340 15.6"" Laptop, AMD Ryzen 7, 8 GB Memory, 256 GB SSD, Windows 10 $599.99",/f/14010779-lenovo-ideapad-s340-15-6-laptop-amd-ryzen-7-8-gb-memory-256-gb-ssd-windows-10-599-99?src=catpagev2,Staples,$599.99
XFX Radeon Rx 590 Fatboy Core Edition 8GB OC+ | $180 (or $144 w/ Discover Card) | Free Shipping,/f/14010398-xfx-radeon-rx-590-fatboy-core-edition-8gb-oc-180-or-144-w-discover-card-free-shipping?src=catpagev2,Amazon,$180
"2-Pack Team Group 64GB Color microSDXC UHS-I/U1 Class 10 Memory Card with Adapter, Speed Up to 80MB/s (TCUSDX64GUHS41) for $13.99",/f/14022794-2-pack-team-group-64gb-color-microsdxc-uhs-i-u1-class-10-memory-card-with-adapter-speed-up-to-80mb-s-tcusdx64guhs41-for-13-99?src=catpagev2,Newegg,
"3M™ Electronic Equipment Cleaning Wipes, Unscented, Non-abrasive, Safe For Most Surfaces, 80 Wipes $9.83",/f/14002220-3m-electronic-equipment-cleaning-wipes-unscented-non-abrasive-safe-for-most-surfaces-80-wipes-9-83?src=catpagev2,Staples,$9.83
1Mii True Wireless Earbuds Wireless Bluetooth Earphones - $36.79 + Free Shipping,/f/14017235-1mii-true-wireless-earbuds-wireless-bluetooth-earphones-36-79-free-shipping?src=catpagev2,Amazon,$36.79
MetallicGear Neo-G V2 Tempered Glass Alu Mini-ITX Case @Newegg (AR) $79.99,/f/14015792-metallicgear-neo-g-v2-tempered-glass-alu-mini-itx-case-newegg-ar-79-99?src=catpagev2,Newegg,$79.99
"ASUS ROG Zephyrus G14 14"" laptop RTX 2060 Ryzen 9 1TB SSD @BestBuy BACKORDERED, EXTREME YMMV - MUST HAVE TARGETED OFFER $1305",/f/14012012-asus-rog-zephyrus-g14-14-laptop-rtx-2060-ryzen-9-1tb-ssd-bestbuy-backordered-extreme-ymmv-must-have-targeted-offer-1305?src=catpagev2,Best Buy,"$1,305"
"MSI GE75 Raider Gaming Laptop - 10th Gen Intel Core i7 10170H - GeForce RTX 2060 - 1080p $1,399 + tax",/f/14022371-msi-ge75-raider-gaming-laptop-10th-gen-intel-core-i7-10170h-geforce-rtx-2060-1080p-1-399-tax?src=catpagev2,,
Patriot Viper Elite 16GB (1 x 16GB) DDR4 2400MHz DRAM (Desktop Memory) (288-pin) Extreme Performance Memory PVE416G240C6GY for $62.99 + Free Shipping,/f/14022782-patriot-viper-elite-16gb-1-x-16gb-ddr4-2400mhz-dram-desktop-memory-288-pin-extreme-performance-memory-pve416g240c6gy-for-62-99-free-shipping?src=catpagev2,Newegg,$62.99
32GB (2x16GB) G.SKILL Ripjaws V Series DDR4 3600 Desktop Memory,/f/14020226-32gb-g-skill-ripjaws-v-series-ddr4-3600-desktop-ram-kit-f4-3600c16d-32gvkc-newegg-145?src=catpagev2,Newegg,$145
The Ultimate Music Production Bundle (Lifetime Access) $15,/f/14001071-the-ultimate-music-production-bundle-lifetime-access-15?src=catpagev2,,
Razer Mamba Wireless Gaming Mouse $45,/f/13999016-razer-mamba-wireless-gaming-mouse-45?src=catpagev2,Amazon,$45
SanDisk CZ600 Cruzer Glide USB 3.0 256 GB Flash Drive...$19.97 Costco B&M,/f/14014979-sandisk-cz600-cruzer-glide-usb-3-0-256-gb-flash-drive-19-97-costco-b-amp-m?src=catpagev2,,
ASUS AC2900 Wi-Fi Dual-band Gigabit Wireless Router (RT-AC86U) - $164.99 AC + FS,/f/14011994-asus-ac2900-wi-fi-dual-band-gigabit-wireless-router-rt-ac86u-164-99-ac-fs?src=catpagev2,Newegg,
VOID RGB ELITE Wireless Premium Gaming Headset with 7.1 Surround Sound — Carbon $79.99,/f/14011268-void-rgb-elite-wireless-premium-gaming-headset-with-7-1-surround-sound-carbon-79-99?src=catpagev2,,$79.99
Intruders: Hide and Seek (2D or VR )  @ Steam [lowest ever] @ 85% off,/f/14021219-intruders-hide-and-seek-2d-or-vr-steam-lowest-ever-85-off?src=catpagev2,Steam,$2.99
Fastest VPN Lifetime Subscription $20,/f/14000930-fastest-vpn-lifetime-subscription-20?src=catpagev2,,$20
"Lenovo 15.6"" IdeaPad S340 Laptop incl MS Office Student - BH Photo $629 + tax",/f/14015183-lenovo-15-6-ideapad-s340-laptop-incl-ms-office-student-bh-photo-629-tax?src=catpagev2,B&H Photo Video,$629
6-Pack WypAll Microfiber Dry Cloths w/ Microban Protection (Blue) $11.20 + Free Shipping,/f/14009756-6-pack-wypall-microfiber-dry-cloths-w-microban-protection-blue-11-20-free-shipping?src=catpagev2,Staples,$11.20
Razer Basilisk Gaming Mouse with Chroma Lighting $39.99 + Free Shipping,/f/13993016-razer-basilisk-gaming-mouse-with-chroma-lighting-39-99-free-shipping?src=catpagev2,Best Buy,$39.99
SanDisk 480Gb SSD $59.99 Amazon,/f/13999067-sandisk-480gb-ssd-59-99-amazon?src=catpagev2,Amazon,$59.99
Targus Newport Backpack for 15 in. Laptops (Olive) $35.21 + Free Shipping,/f/14014475-targus-newport-backpack-for-15-in-laptops-olive-35-21-free-shipping?src=catpagev2,,$35.21
128GB Samsung Pro Endurance U1 microSD XC Memory Card w/ Adapter @Newegg $28,/f/14010065-128gb-samsung-pro-endurance-u1-microsd-xc-memory-card-w-adapter-newegg-28?src=catpagev2,Newegg,$28
Intel Core i5-9600K Coffee Lake 6-Core Desktop Processor @B&H $199.89,/f/13992407-intel-core-i5-9600k-coffee-lake-6-core-desktop-processor-b-h-199-89?src=catpagev2,B&H Photo Video,$199.89
M55 RGB PRO Ambidextrous Multi-Grip Gaming Mouse $29.99,/f/14000549-m55-rgb-pro-ambidextrous-multi-grip-gaming-mouse-29-99?src=catpagev2,,$29.99
"Sager NP7858DW Gaming Laptop Barebones With 10th Gen i7-10875H, GTX 2060, and 144mhz Screen $1182 (Free shipping, Possibly no sales tax)",/f/14014487-sager-np7858dw-gaming-laptop-barebones-with-10th-gen-i7-10875h-gtx-2060-and-144mhz-screen-1182-free-shipping-possibly-no-sales-tax?src=catpagev2,,"$1,182"
Steelseries Arctis 5 PUBG edition headset $59.99,/f/14009231-steelseries-arctis-5-pubg-edition-headset-59-99?src=catpagev2,GameStop,$59.99
Upgrade to Cubase 10.5 Pro 40% Off,/f/13992515-upgrade-to-cubase-10-5-pro-40-off?src=catpagev2,,
16GB (2x8GB) OLOy RGB DDR4 3000 (PC4 24000) Desktop Memory $69.99 + Free Shipping,/f/13993007-16gb-2x8gb-oloy-rgb-ddr4-3000-pc4-24000-desktop-memory-69-99-free-shipping?src=catpagev2,Newegg,$69.99
"Costco Members: HP 14"" Laptop i5-1035G1, 12GB, 256GB SSD, 1080p IPS, 3.24lbs $600",/f/13998809-costco-members-hp-14-laptop-i5-1035g1-12gb-256gb-ssd-1080p-ips-3-24lbs-600?src=catpagev2,,$599.99
Guitar Rig 5 Pro ($199) Free with purchase of any NI Komplete audio interface $109,/f/14014028-guitar-rig-5-pro-199-free-with-purchase-of-any-ni-komplete-audio-interface-109?src=catpagev2,,$109
NETGEAR Nighthawk AX6 6-Stream AX4300 WiFi 6 Router For 169.99 @Costco $169.99,/f/14013314-netgear-nighthawk-ax6-6-stream-ax4300-wifi-6-router-for-169-99-costco-169-99?src=catpagev2,,$169.99
Gear4 Wembley Case for iPhone SE (2020)/8/7/6S/6 with antimicrobial $22.49,/f/14008964-gear4-wembley-case-for-iphone-se-2020-8-7-6s-6-with-antimicrobial-22-49?src=catpagev2,Verizon Wireless,$22.49
reMarkable 2 E Ink Tablet Launch offer - Free Folio & Marker $399,/f/13993043-remarkable-2-e-ink-tablet-launch-offer-free-folio-marker-399?src=catpagev2,,$399
Acer Predator Utility Gaming Backpack $95.99,/f/13999949-acer-predator-utility-gaming-backpack-95-99?src=catpagev2,Amazon,$95.99
NetGear Orbi Pro SRC60 AC3000 Tri-Band Ceiling Add-On Wireless Range Extender $159.97,/f/14013824-netgear-orbi-pro-src60-ac3000-tri-band-ceiling-add-on-wireless-range-extender-159-97?src=catpagev2,Micro Center,$159.97
Kanto YU6 Powered Speakers $339,/f/14009156-kanto-yu6-powered-speakers-339?src=catpagev2,B&H Photo Video,$339
be quiet! Pure Base 500 ATX Mid-Tower Silent Computer Case (Black),/f/14007677-be-quiet-pure-base-500-black-atx-mid-tower-silent-computer-case-79-64-shipped?src=catpagev2,Newegg,$79.65
The North Face CMYK Laptop Backpack (magenta or yellow) $57.75 + Free Shipping,/f/14007059-the-north-face-cmyk-laptop-backpack-magenta-or-yellow-57-75-free-shipping?src=catpagev2,REI,$59.75
128 GB HP SD Card Class 10 U3 $19.99 at Amazon,/f/13992746-128-gb-hp-sd-card-class-10-u3-19-99-at-amazon?src=catpagev2,Amazon,
MacBook Air (2020 Model) 256GB SSD $925,/f/13992731-macbook-air-2020-model-256gb-ssd-925?src=catpagev2,eBay,$925
"NETGEAR 4-Stream Wifi 6 Router (RAX15) - AX1800, $100, Amazon",/f/13992434-netgear-4-stream-wifi-6-router-rax15-ax1800-100-amazon?src=catpagev2,Amazon,
EVGA GeForce RTX 2060 KO ULTRA $300 AR. FS. newegg.,/f/13999973-evga-geforce-rtx-2060-ko-ultra-300-ar-fs-newegg?src=catpagev2,Newegg,$300
2-Pack 32GB SanDisk Ultra USB 3.0 Flash Drives,/f/13997516-sandisk-ultra-usb-3-0-flash-drives-32gb-pack-of-2-11-99?src=catpagev2,,$12
"Apple AirPort Extreme (wireless AC) wireless router a Target B&M, YMMV $99.50",/f/14012405-apple-airport-extreme-wireless-ac-wireless-router-a-target-b-m-ymmv-99-50?src=catpagev2,Target,$99.50
G604 LIGHTSPEED WIRELESS GAMING MOUSE on Sale 30% Off $69.98,/f/14008325-g604-lightspeed-wireless-gaming-mouse-on-sale-30-off-69-98?src=catpagev2,,$69.98
"Lenovo Ideapad Flex 5 14-ARE: 14'' FHD IPS Touch, Ryzen 5 4500U, 8GB DDR4, 256GB PCIe SSD, Win10H @ $587.91",/f/14006537-lenovo-ideapad-flex-5-14-are-14-fhd-ips-touch-ryzen-5-4500u-8gb-ddr4-256gb-pcie-ssd-win10h-587-91?src=catpagev2,,$587.91
"Brother P-Touch 2040C Label Maker - $19.99 [Includes, batteries + 2 laminated tape cartridges]",/f/13991246-brother-p-touch-2040c-label-maker-19-99-includes-batteries-2-laminated-tape-cartridges?src=catpagev2,,$19.99
"30"" AXM 3018 2560 x 1600 IPS Monitor @Newegg $244.99",/f/13990214-30-axm-3018-2560-x-1600-ips-monitor-newegg-244-99?src=catpagev2,Newegg,$244.99
Fractal Design Define 7 Gray Brushed Aluminum/Steel E-ATX Silent Modular Tempered Glass Mid Tower Case @Newegg $165,/f/13999247-fractal-design-define-7-gray-brushed-aluminum-steel-e-atx-silent-modular-tempered-glass-mid-tower-case-newegg-165?src=catpagev2,Newegg,$164.98
Serif Affinity Photo (Windows/Mac Digital Download),/f/14011904-serif-affinity-photo-windows-macos-digital-25?src=catpagev2,B&H Photo Video,$25
Topo Designs Klettersack 25L Laptop Backpack (Khaki) $67.60 + Free Shipping,/f/14007245-topo-designs-klettersack-25l-laptop-backpack-khaki-67-60-free-shipping?src=catpagev2,,$67.60
The Official Unity Game Development Bundle (Lifetime Access) $15,/f/13989389-the-official-unity-game-development-bundle-lifetime-access-15?src=catpagev2,,
"Wacom PTH451 Intuos Pro Professional Pen & Touch Tablet (Black, Small) $130 (new) or $118 (refurb)",/f/13988549-wacom-pth451-intuos-pro-professional-pen-touch-tablet-black-small-130-new-or-118-refurb?src=catpagev2,B&H Photo Video,
Crucial Ballistix Elite 3600 MHz DDR4 DRAM Desktop Gaming Memory Single 8GB CL16 BLE8G4D36BEEAK for $54.99 + FS,/f/13999307-crucial-ballistix-elite-3600-mhz-ddr4-dram-desktop-gaming-memory-single-8gb-cl16-ble8g4d36beeak-for-54-99-fs?src=catpagev2,Newegg,
"Dell G5 5590 FHD 15.6"" Laptop (i7-9750H 16GB 128GB SSD + 1TB, RTX 2060) $1099@Dell Ebay",/f/14004920-dell-g5-5590-fhd-15-6-laptop-i7-9750h-16gb-128gb-ssd-1tb-rtx-2060-1099-dell-ebay?src=catpagev2,eBay,"$1,099.99"
"ASUS ZenBook S13 UX392FN-XS71 13.9"" i7-8565U MX150 8GB RAM, 512GB SSD Laptop - $979.99 + FS",/f/13987811-asus-zenbook-s13-ux392fn-xs71-13-9-i7-8565u-mx150-8gb-ram-512gb-ssd-laptop-979-99-fs?src=catpagev2,Newegg,$979.99
TP-Link Network Deco P9(3-pack) AC1200+AV1000 Mesh Wifi System @Newegg $209.99,/f/13999256-tp-link-network-deco-p9-3-pack-ac1200-av1000-mesh-wifi-system-newegg-209-99?src=catpagev2,Newegg,$209.99
The Ultimate Shopify & Ecommerce Expert 11-Course Training Bundle (Lifetime Access) $23.40,/f/14005865-the-ultimate-shopify-ecommerce-expert-11-course-training-bundle-lifetime-access-23-40?src=catpagev2,,
"Lenovo Flex 15 Series 2-in-1 Laptop, $749.97 @ Costco in store YMMV",/f/13988267-lenovo-flex-15-series-2-in-1-laptop-749-97-costco-in-store-ymmv?src=catpagev2,Costco Wholesale,$749.97
"Geometry Expressions software, 90% off $10",/f/13998956-geometry-expressions-software-90-off-10?src=catpagev2,,$10
Microsoft - Surface Pro X Signature Keyboard with Slim Pen - Black $184.99,/f/14005262-microsoft-surface-pro-x-signature-keyboard-with-slim-pen-black-184-99?src=catpagev2,Best Buy,$184.99
NETGEAR 10-Port Gigabit/10G Ethernet Unmanaged Switch (GS110MX) - with 2 x 10G/Multi-gig $159.99,/f/13997120-netgear-10-port-gigabit-10g-ethernet-unmanaged-switch-gs110mx-with-2-x-10g-multi-gig-159-99?src=catpagev2,Amazon,$159.99
NETGEAR 8-Port Gigabit Ethernet Unmanaged Switch (GS308)- $18.99 @ Amazon,/f/13996934-netgear-8-port-gigabit-ethernet-unmanaged-switch-gs308-18-99-amazon?src=catpagev2,Amazon,
"PNY USB 3.0 Flash Drive, 256GB $39.99",/f/13998095-pny-usb-3-0-flash-drive-256gb-39-99?src=catpagev2,Office Depot and OfficeMax,$39.99
The Legend of Zelda: Breath of the Wild - Nintendo Switch - $49.95 @ Target,/f/13995830-the-legend-of-zelda-breath-of-the-wild-nintendo-switch-49-95-target?src=catpagev2,Target,$49.95
"TP-Link Kasa Smart Plug 15A 1-Pack $9.99, Kasa 12A 4-Pack $34.99, KAsa Smart Outdoor 1080P Camera $74.99 & More + FSSS",/f/14003387-tp-link-kasa-smart-plug-15a-1-pack-9-99-kasa-12a-4-pack-34-99-kasa-smart-outdoor-1080p-camera-74-99-more-fsss?src=catpagev2,Amazon,
McAfee Gamer Security 1PC 1 Year - Download - $11.99 AC,/f/13996733-mcafee-gamer-security-1pc-1-year-download-11-99-ac?src=catpagev2,Newegg,
"HP ProBook 455 G7: 15.6'' FHD IPS, Ryzen 7 4700U, 16GB DDR4 3200, 512GB PCIe SSD, Win10Pro @ $893.78 + F/S",/f/14002730-hp-probook-455-g7-15-6-fhd-ips-ryzen-7-4700u-16gb-ddr4-3200-512gb-pcie-ssd-win10pro-893-78-f-s?src=catpagev2,Provantage,$893.78
CorelDRAW Home & Student Suite 2019 for Windows - $59.99 ,/f/13996430-coreldraw-home-student-suite-2019-for-windows-59-99?src=catpagev2,Amazon,$59.99
"TP-Link AC1200 Wifi Router - Dual Band Router, Fast Ethernet Port (Archer A5) $29.99 + FSSS",/f/13995944-tp-link-ac1200-wifi-router-dual-band-router-fast-ethernet-port-archer-a5-29-99-fsss?src=catpagev2,Amazon,
Kasa Smart Plug by TP-Link $10,/f/14002988-kasa-smart-plug-by-tp-link-10?src=catpagev2,Amazon,$10
"OVERPOWERED OP-LP3 17.3"" FHD 144Hz i7-8750H 2.2GHz NVIDIA 1060 6GB 32GB RAM 2TB HDD 256GB SSD (seller refurb) $782 YMMV?",/f/13994969-overpowered-op-lp3-17-3-fhd-144hz-i7-8750h-2-2ghz-nvidia-1060-6gb-32gb-ram-2tb-hdd-256gb-ssd-seller-refurb-782-ymmv?src=catpagev2,eBay,
Apple: Earth 3D - World Atlas App $.99,/f/13995233-apple-earth-3d-world-atlas-app-99?src=catpagev2,,$0.99
The Complete EDM Production Bundle: Learn to DJ (Lifetime Access) $12,/f/13993856-the-complete-edm-production-bundle-learn-to-dj-lifetime-access-12?src=catpagev2,StackSocial,$12
ONLINE deal @ Micro Center | 3990x on sale for $3799 + $300 off a sTRX4 motherboard,/f/13993136-online-deal-micro-center-3990x-on-sale-for-3799-300-off-a-strx4-motherboard?src=catpagev2,,
Netgear AC1200 802.11ac Dual Band (R6120) Wi-Fi Router Bundle with Wireless Range Extender (EX6110) - $59.99 AC Shipped,/f/13993766-netgear-ac1200-802-11ac-dual-band-r6120-wi-fi-router-bundle-with-wireless-range-extender-ex6110-59-99-ac-shipped?src=catpagev2,Newegg,
