title,url,discoutned_price,original_price
50 x Disposable Medical 3-ply Non-woven Anti-fog Mouth Face Mask HHI-581907,50-x-disposable-medical-3-ply-non-woven-anti-fog-mouth-face-mask-p-200370.html,$18.54,$32.93 
20 x KN95 Face Masks 95% Filtration N95 Mask NECEA-580961,20-x-kn95-face-masks-95-filtration-n95-mask-p-200361.html,$44.92,$69.17 
10 x KN95 Face Mask Respirator With Valve PM2.5 Mouth Mask Gauze Mask KB-581641,10-x-kn95-face-mask-respirator-with-valve-pm25-mouth-mask-gauze-mask-p-200341.html,$26.35,$46.41 
Infrared Non-Contact Forehead Thermometer for Fever Check HHIHE-580934,infrared-non-contact-forehead-thermometer-for-fever-check-p-200328.html,$45.67,$70.34 
10 x KN95 Dustproof Anti-haze Face Masks 95% Filtration N95 Mask NECEA-581218,10-x-kn95-dustproof-anti-haze-face-masks-95-filtration-n95-mask-p-200022.html,$25.02,$38.60 
10 x Transparent Anti Droplet Dust-proof Medical Face Shield Face Cover Mask KB-581546,10-x-transparent-anti-droplet-dust-proof-medical-face-shield-face-cover-mask-p-200338.html,$15.03,$24.09 
2 x KN95 Anti-haze Face Masks 95% Filtration N95 Mouth Mask HHI-581923,2-x-kn95-anti-haze-face-masks-95-filtration-n95-mouth-mask-p-200375.html,$3.97,$7.15 
10pcs Colorful Rose Flower Plant Seeds TDS-378192,10pcs-colorful-rose-flower-plant-seeds-p-145998.html,$0.77,$2.76 
2 x KN95 Anti-haze Face Masks 95% Filtration N95 Mask NECEA-580960,2-x-kn95-anti-haze-face-masks-95-filtration-n95-mask-p-200021.html,$5.15,$10.19 
5 x Reusable Face-Shielding Face Mask Anti-Fog Anti-Splash Face Shield KB-581849,5-x-reusable-face-shielding-face-mask-anti-fog-anti-splash-face-shield-p-200348.html,$14.41,$23.36 
20 x Disposable Non-Medical 3-ply Anti-fog Face Mouth Mask HHI-581904,20-x-disposable-non-medical-3-ply-anti-fog-face-mouth-mask-p-200366.html,$6.47,$11.65 
Reusable Face-Shielding Face Mask Anti-Fog Anti-Splash Face Shield HHI-581838,reusable-face-shielding-face-mask-anti-fog-anti-splash-face-shield-p-200342.html,$2.89,$4.74 
Double Zippers Design Multi-functional Storage Bag HHI-115510,double-zippers-design-multi-functional-storage-bag-p-68145.html,$4.21,$4.45 
1 Pair of Silicone Magnetic Losing Weight Toe Rings HBI-13397,1-pair-of-silicone-magnetic-losing-weight-toe-rings-p-12727.html,$0.97,$3.19 
50 x Choebe CB Medical Disposable Anti-haze Face Masks 99% Filtration HHI-581271,50-x-choebe-cb-medical-disposable-anti-haze-face-masks-99-filtration-p-200006.html,$32.93,$51.36 
Portable Mini LCD Digital Tyre Tire Pressure Gauge Tester CTL-27481,portable-mini-lcd-digital-tyre-tire-pressure-gauge-tester-p-23322.html,$3.32,$3.84 
Compression Socks for Man Woman STH-563907,compression-socks-for-man-woman-p-180225.html,$2.62,$6.32 
1/2 pcs Car Visor Glasses Sunglasses Ticket Clip Holder - Color Assorted RIG-179460,12-pcs-car-visor-glasses-sunglasses-ticket-clip-holder-color-assorted-p-90302.html,$1.35,$3.84 
10 x KN95 Children Face Mask Anti-fog Child PM2.5 Mask for Kilds HHI-581843,10-x-kn95-children-face-mask-anti-fog-child-pm25-mask-for-kilds-p-200344.html,$15.87,$27.88 
Mini Airtight Sealer Machine for Plastic Bag - Assorted Color HLI-48626,mini-airtight-sealer-machine-for-plastic-bag-assorted-color-p-39392.html,$2.25,$5.73 
Remote Control E27 RGB Colorful Music Bulb HHI-563726,remote-control-e27-rgb-colorful-music-bulb-p-180227.html,$4.82,$9.55 
1/2/5/10 pcs Teflon Gas Hob Oil Protector Liner Reusable Stove Clean Mat Pad HHI-549769,12510-pcs-teflon-gas-hob-oil-protector-liner-reusable-stove-clean-mat-pad-p-175005.html,$1.41,$5.33 
2.4GHz 1600dpi Wireless Optical Mouse Mice CMS-11833-C3,24ghz-1600dpi-wireless-optical-mouse-mice-p-168444.html,$3.50,$6.72 
3-in-1 Halter Ball-Point Pen w Note Paper & Flashlight w String YSN-174312,3-in-1-halter-ball-point-pen-w-note-paper-flashlight-w-string-p-88668.html,$1.68,$1.77 
Stainless Steel Wine Bracelet Thermometer with LCD Display HKI-499938,stainless-steel-wine-bracelet-thermometer-with-lcd-display-p-157835.html,$1.61,$3.77 
12pcs Makeup Brush Set HHI-558503,12pcs-makeup-brush-set-p-177940.html,$4.55,$6.72 
300-LED 5M 5050 SMD 72W Indoor LED Light Strip HLD-232068,300-led-5m-5050-smd-72w-indoor-led-light-strip-p-105499.html,$8.16,$9.63 
Teeth Whitening Pen Tooth Gel Whitener Bleach HBI-113105,teeth-whitening-pen-tooth-gel-whitener-bleach-p-66709.html,$1.96,$5.83 
64GB USB 2.0 Flash Drive USB Pen Drive U Disk EFM-561923,64gb-usb-20-flash-drive-usb-pen-drive-u-disk-p-178875.html,$6.51,$18.59 
H96 MAX RK3318 4GB RAM 64GB ROM 5G WIFI bluetooth 4.0 Android 9.0 4K TV Box E-571219,h96-max-rk3318-4gb-ram-64gb-rom-5g-wifi-bluetooth-40-android-90-4k-tv-box-p-182191.html,$51.19,$96.60 
6pcs 6-Layer Razor Blades + Shaver Handle HHI-557375,6pcs-6-layer-razor-blades-shaver-handle-p-178095.html,$3.47,$6.66 
DC 12V 45cm 45-SMD 1210 LED Flexible Waterproof Car Strip Light RLT-274929,dc-12v-45cm-45-smd-1210-led-flexible-waterproof-car-strip-light-p-118388.html,$1.17,$1.18 
Neoprene Short Beach Socks Diving Socks Non-Slip Antiskid Scuba Dive Boots SGD-548443,neoprene-short-beach-socks-diving-socks-non-slip-antiskid-scuba-dive-boots-p-174657.html,$3.11,$3.72 
Stainless Steel Slice Cutter Banana Fruit Ham Sausage Cucumber Slicer HHI-523538,stainless-steel-slice-cutter-banana-fruit-ham-sausage-cucumber-slicer-p-163273.html,$3.56,$3.90 
20 x Disposable Surgical Medical 3 Layer Mouth Face Mask HHI-581906,20-x-disposable-surgical-medical-3-layer-mouth-face-mask-p-200368.html,$9.72,$17.77 
M165 Mini Bluetooth 4.1 Wireless Earphone with Mic Volume Adjustable for Phone RTH-573956,m165-mini-bluetooth-41-wireless-earphone-with-mic-volume-adjustable-for-phone-p-182813.html,$2.91,$5.63 
3pcs Silicone Baking Brushs Cake Butter Bread Pastry BBQ Basting Brush SCH-512626,3pcs-silicone-baking-brushs-cake-butter-bread-pastry-bbq-basting-brush-p-159134.html,$1.91,$2.22 
1/6 Mini Laser Light 3 in 1 Pointer LED Torch Flashlight Carabiner SCH-298054,16-mini-laser-light-3-in-1-pointer-led-torch-flashlight-carabiner-p-124661.html,$1.50,$1.85 
New Silicone Bracelet Electronic Digital LED Sport Wrist Watch WWT-357380,new-silicone-bracelet-electronic-digital-led-sport-wrist-watch-p-140958.html,$2.02,$6.12 
Universal Micro-USB OTG TF/SD Card Reader for Smartphone Tablet PC ECACR-483880,universal-micro-usb-otg-tfsd-card-reader-for-smartphone-tablet-pc-p-156504.html,$1.16,$2.52 
Type-C to USB 3.0 Type A OTG Adapter ECACR-562051,type-to-usb-30-type-a-otg-adapter-p-178935.html,$1.36,$6.60 
Temperature Sensor Mini Digital LCD Thermometer Hygrometer EDT-561407,temperature-sensor-mini-digital-lcd-thermometer-hygrometer-p-178980.html,$2.04,$5.86 
Magic Multifunction Screwdriver Sets w Phillips Slot Hex Screwdriver LED Light S-541099,magic-multifunction-screwdriver-sets-w-phillips-slot-hex-screwdriver-led-light-p-171693.html,$2.66,$3.46 
H96 MAX TV Box RK3328 Quad Core 4G+32G Android 7.1 HD Dual WiFi BT Smart TV Box E-542937,h96-max-tv-box-rk3328-quad-core-4g32g-android-71-hd-dual-wifi-bt-smart-tv-box-p-172801.html,$68.81,$87.47 
LF606 2.4Ghz Mini Fold Drone WiFi RC Drone TDS-558960,lf606-24ghz-mini-fold-drone-wifi-rc-drone-p-178240.html,$19.04,$19.26 
Portable USB Copy Board Ultrathin A4 LED Light Box Artcraft Tracing Light Pad HHI-557615,portable-usb-copy-board-ultrathin-a4-led-light-box-artcraft-tracing-light-pad-p-179183.html,$12.17,$18.45 
Artificial Silicone Soft Bait Set Luminous Shrimp Fishing Lure with Hook SFS-545519,artificial-silicone-soft-bait-set-luminous-shrimp-fishing-lure-with-hook-p-173693.html,$1.13,$2.67 
E27 220-240V 18W 1260-1330LM 72-LED SMD 5730 LED Corn Bulb HLT-507736,e27-220-240v-18w-1260-1330lm-72-led-smd-5730-led-corn-bulb-p-158597.html,$3.03,$5.58 
Mushroom Style 1/5W Light Sensor LED Night Lamp HLI-149180,mushroom-style-15w-light-sensor-led-night-lamp-p-80565.html,$2.07,$3.74 
Hair Cutting Cloak Gown Umbrella Hair Salon Cape Hairdresser Haircut Bib Apron HKI-549496,hair-cutting-cloak-gown-umbrella-hair-salon-cape-hairdresser-haircut-bib-apron-p-175156.html,$3.87,$6.72 
3.5mm Stereo Woven Fiber Cloth Line Headset EDT-556403,35mm-stereo-woven-fiber-cloth-line-headset-p-178024.html,$1.27,$4.81 
2pcs H7 55W 12V 5000K Super White Light Halogen Bulb for Car RCB-242419,2pcs-h7-55w-12v-5000k-super-white-light-halogen-bulb-for-car-p-108900.html,$2.51,$4.87 
216 x 5mm Buckyballs Magic Magnetic DIY Balls FTY-12600,216-x-5mm-buckyballs-magic-magnetic-diy-balls-p-11077.html,$10.31,$17.59 
Transparent Anti Droplet Dust-proof Medical Face Shield Face Cover Mask HHI-581539,transparent-anti-droplet-dust-proof-medical-face-shield-face-cover-mask-p-200336.html,$2.17,$3.40 
Universal 6'' Phone Lanyard Necklace & Wrist Strap Card Bag Holder w Lanyard HHITH-543753,universal-6-phone-lanyard-necklace-wrist-strap-card-bag-holder-w-lanyard-p-172964.html,$1.90,$3.03 
1/2/4/6 pcs Magnetic Therapy Tourmaline Thermal Self-Heating Neck Pad BBI-276863,1246-pcs-magnetic-therapy-tourmaline-thermal-self-heating-neck-pad-p-118329.html,$1.46,$3.84 
