Title,Description,Location,Features,Date,Price
"3 bhk luxury flat with luxury furniture in mohali sec 125 , city heart","Buy your own flat stop living on rent., , SPECIAL LOCKDOWN OFFER , , Price 34.99/- lac only , Booking only 2100/- Rs ( only lockdown offers), , book your dreem home only 11000/- & get benifit  ^6 lakhs^ booking amount Refundable, , 3 bhk fully furnished flats in society  with furniture , We are providing you 24 hours security with watchman and cctv cameras., , Animinities are :-, 1. Double bed with box, 2.Metresses, 3. Lcd pannel with 32         ,      Inch lcd, 4. Wooden cupboards, 5. Fall ceiling work , 6. Modular kitchen , 7. Chimney , 8. Ro, 9. Gyser , 10. Tile work Car parking   facility  , , **No compromise with    quality  . A1  quality product is used , , Hospital,  college,  universities,  schools are nearby.  , 90% loan is  available  , 3.10/-akh govt.  Subcidy , You just have to pay only registry charges , No extra hidden charges like GST,  TLC, PLC","India, Punjab, Mohali",3 Bds - 3 Ba - 1125 ft2,2020-05-19T16:00:14+0000,"₹ 34,00,000"
house 20*30 main road 70.ft.say do Makan Kay bad ghar hay30ft.road.pay,"2  k.m  airport , 1  k.m  metro Station , 1  k.m  Kanpur road , , JK city ali nagar sunahra","India, Uttar Pradesh, Lucknow",2 Bds - 1 Ba - 600 ft2,2020-05-19T15:59:55+0000,"₹ 21,00,000"
1BHK FOR SALE,Resale 1 bhk in dosti mumbra,"India, Maharashtra, Thane",1 Bds - 2 Ba - 685 ft2,2020-05-11T01:24:21+0000,"₹ 47,00,000"
2Bhk Available for Sale at Auris Serenity Malad West Tower 1 with OC,"This is a Brand New Tower at Link Road Malad West Auris Serenity Ready to Move In with OC., , Multiple options available..., , Call for more info..","India, Maharashtra, Mumbai",2 Bds - 3 Ba - 1250 ft2,2020-05-19T15:59:39+0000,"₹ 2,65,00,000"
1Bhk Available for Sale Brand New Tower Chincholi Malad West,"1Bhk Available for Sale Brand New Tower ready Posession 22 Storeys Tower, , For 95,00,000/- only","India, Maharashtra, Mumbai",1 Bds - 2 Ba - 650 ft2,2020-05-19T15:59:39+0000,"₹ 95,00,000"
PATANCHERU LUXURIOUS APARTMENT FLATS FOR SALE@Gated community,"FLATS @ *PATANCHERU*, , 7 ACRES, 5F GATED COMMUNITY, LUXURIOUS AMENITIES, , *1_BHK  20.5L+3L( amenities)(650 SFT)*, , , *2_BHK    29 L+4L (910 SFT)*, , *3_BHK   41 L +4L(1300 SFT)","India, Telangana, Hyderabad",2 Bds - 2 Ba - 910 ft2,2020-05-19T15:59:27+0000,"₹ 29,00,000"
Sale 2 BHK 910 Sq Ft  Flat available in Patancheru at MPR Urban City,Sale 2 BHK 910 Sq Ft  Flat available in Patancheru at MPR Urban City,"India, Telangana, Hyderabad",2 Bds - 2 Ba - 910 ft2,2020-05-19T15:59:27+0000,"₹ 28,66,652"
910 Sq Ft  2 BHK Flat available for Sale,910 Sq Ft  2 BHK Flat available for Sale,"India, Telangana, Hyderabad",2 Bds - 2 Ba - 910 ft2,2020-05-19T15:59:27+0000,"₹ 28,66,652"
620 carpet | 2 BHK Apartment for Sale in Hinjewadi at Rs.48 Lac only,"Project Details:, , ITrend Homes is thoughtfully designed and located in Hinjewadi, Pune by Saheel Properties with their 7 years of real estate experience is offering spacious and aesthetically designed 1 BHK and 2 BHK apartments. ITrend Homes plot areas for its 1 BHK flat range approx. 500 sq. ft. and 2 BHK flat areas range from 606 sq. ft. to 648 sq. ft., , ITrend Homes apartments are designed with well planned aesthetic interiors like vitrified tiles flooring in every room, laminated flush doors, concealed copper wiring with circuit breakers, black granite kitchen platform with SS sink, good quality CP fittings, and branded fixtures etc.,         , ITrend Homes provides world class amenities for its residents like power backup, swimming pool, lift, security, club house, jogging & strolling track, outdoor tennis courts, private terrace & garden, park, reserved parking, service & goods lift, intercom facility, maintenance staff, gymnasium, kids play area, piped gas, rain water harvesting, water storage, RO water system, multipurpose courts, and waste disposal etc. among various others., , Highlights, Pune's First Convertible Homes, Convert your homes from 1 BHK to 2 BHK for free, Zero Wastage Space Homes with Trendy amenities in the heart of Hinjewadi, Infrastructure, National Highway 1 km | 10 min, Akshara Interna. 5 km | 20 min, Multispeciality Hospital 5 km | 20 min, Neighborhood, Nande 3 km | 15 min, Nerhe 3 km | 15 min, Godambewadi 3 km | 15 min","India, Maharashtra, Pune",2 Bds - 2 Ba - 837 ft2,2020-03-19T04:41:37+0000,"₹ 48,00,000"
910 Sq Ft  Property available for Sale in Patancheru at MPR Urban City,910 Sq Ft  Property available for Sale in Patancheru at MPR Urban City,"India, Telangana, Hyderabad",2 Bds - 2 Ba - 910 ft2,2020-05-19T15:59:27+0000,"₹ 28,66,652"
"$For Sale in  Patancheru, MPR Urban city","$For Sale in  Patancheru, MPR Urban city","India, Telangana, Hyderabad",1 Bds - 1 Ba - 650 ft2,2020-05-19T15:59:27+0000,"₹ 20,59,267"
"For Sale in  Kavesar, Thane West, Godrej Exquisite","For Sale in  Kavesar, Thane West, Godrej Exquisite","India, Maharashtra, Mumbai",2 Bds - 2 Ba - 655 ft2,2020-05-19T15:59:21+0000,"₹ 1,27,03,219"
"2 BHK  Flat for  Sale, Godrej Exquisite a  on a very low price in  Kav","2 BHK  Flat for  Sale, Godrej Exquisite a  on a very low price in  Kavesar, Thane West, Godrej Exquisite","India, Maharashtra, Mumbai",2 Bds - 2 Ba - 655 ft2,2020-05-19T15:59:21+0000,"₹ 1,27,03,132"
Sharvika Villa Offer Sale 3BHK Independent Villa,"CMDA APPROVED, CLEAR TITTLE, VASTHU COMPILED, CONSTRUCTED OF HIGH STANDARD, VILLA AREA - 950 SQ.FT. & BUILT UP AREA 1200 SQ.FT., Additional Cost - Registration + EB + GST, CONTACT. 994O1OO555, Varadharajapuram, West Tambaram., Near By Areas : Selaiyur, Manimangalam ,Chrompet and Pallavaram , Mudichur, Mannivakkam,, old perungalathur, vandalur,urapakkam, guduvanchery,","India, Tamil Nadu, Tambaram",3 Bds - 3 Ba - 1200 ft2,2020-01-24T06:51:13+0000,"₹ 66,00,000"
"Big deal for your need  only   2 BHK  Flat   for Sale  in  Kavesar, Th","Big deal for your need  only   2 BHK  Flat   for Sale  in  Kavesar, Thane West, Godrej Exquisite","India, Maharashtra, Mumbai",2 Bds - 2 Ba - 655 ft2,2020-05-19T15:59:21+0000,"₹ 1,27,03,045"
"Your new home is located  in  Kavesar, Thane West, Godrej Exquisite","Your new home is located  in  Kavesar, Thane West, Godrej Exquisite","India, Maharashtra, Mumbai",2 Bds - 2 Ba - 655 ft2,2020-05-19T15:59:21+0000,"₹ 1,27,02,610"
"Just for you  deal, Godrej Exquisite  2 BHK  Flat   for Sale  in  Kave","Just for you  deal, Godrej Exquisite  2 BHK  Flat   for Sale  in  Kavesar, Thane West, Godrej Exquisite","India, Maharashtra, Mumbai",2 Bds - 2 Ba - 655 ft2,2020-05-19T15:59:21+0000,"₹ 1,27,02,958"
"Best ever location 2 BHK  Flat  for Sale  in  Kavesar, Thane West, God","Best ever location 2 BHK  Flat  for Sale  in  Kavesar, Thane West, Godrej Exquisite","India, Maharashtra, Mumbai",2 Bds - 2 Ba - 655 ft2,2020-05-19T15:59:21+0000,"₹ 1,27,02,871"
"2 BHK  Flat  for Sale only in  Kavesar, Thane West, Godrej Exquisite","2 BHK  Flat  for Sale only in  Kavesar, Thane West, Godrej Exquisite","India, Maharashtra, Mumbai",2 Bds - 2 Ba - 655 ft2,2020-05-19T15:59:21+0000,"₹ 1,27,02,784"
"Luxury   2 BHK  Flat for Sale, Godrej Exquisite best price guaranteed.","Luxury   2 BHK  Flat for Sale, Godrej Exquisite best price guaranteed.*","India, Maharashtra, Mumbai",2 Bds - 2 Ba - 655 ft2,2020-05-19T15:59:21+0000,"₹ 1,27,02,697"
VILLAS BEHIND HILITE MALL @ 47 LAKHS,"VINTAGE ONE VILLAS, METHOTTUTHAZHAM, KOZHIKODE, , 3 CENT 3 BEDROOM VILLA @ 47 LAKHS, WE ALSO HAVE, 4 CENT 3 BHK @ 52 LAKHS, 4 CENT 4 BHK @ 55 LAKHS, , SPECIALTIES:-, 1.KERALA'S FIRST BREATHING VILLA, 2.VASTU FRIENDLY DESIGN, , COMPLETION IN 10 MONTH'S, , SPECS:-, , 3 CENT PLOT AREA,, 3 BEDROOM WITH ATTACHED BATHROOM,, 1 CAR PARKING,, HALL,, 1ST FLOOR LIVING AREA,, DINING HALL,, SIT OUT,, 24HRS SECURITY,, COMMON LIVING AREA,, PRIVATE LIVING AREA,, GUEST CAR PARKING","India, Kerala, Kozhikode",3 Bds - 3 Ba - 1342 ft2,2020-03-17T11:10:29+0000,"₹ 47,00,000"
2bhk Flat for Sale,2BHK full furnished flat for Sale,"India, Maharashtra, Nagpur",2 Bds - 2 Ba - 780 ft2,2020-05-19T16:11:19+0000,"₹ 25,00,000"
Fresh House for sale,"House is newly constructed and  3 BHK. 4 Km to Ettumanoor 3 km to MG University and 5 Km to Medical College.. if interested, please message/ contact","India, Kerala, Athirampuzha",3 Bds - 3 Ba - 4356 ft2,2020-05-19T16:10:27+0000,"₹ 70,00,000"
24 hrs water supply,"Adjacent to Grand mall, less than 1 km to Railway Station, Vijayanagar Bus terminus, Chennai Silks, Saravana Stores, A2B, etc.,, Opp to Park, Assured Rental Income between 18-20k","India, Tamil Nadu, Chennai",2 Bds - 2 Ba - 900 ft2,2020-05-19T16:10:27+0000,"₹ 69,00,000"
1bhk at dombivali lodha palava,"Established in the year 1980, Lodha Group is one of the premier real estate developers in Mumbai. Since its inception, the company has successfully delivered some of the most iconic landmarks and contributed significantly in transforming the skyline of Mumbai. It is managed by an effective team of professionals equipped with technical expertise, excellent domain knowledge, and extensive cross-functional experience. With various developments in London, Mumbai, and Pune, and offices in New York, Dubai, Singapore and Shanghai, it is a multinational corporation.","India, Maharashtra, Mumbai",1 Bds - 1 Ba - 500 ft2,2020-03-14T07:13:17+0000,"₹ 38,00,000"
New constructed house,Sale for new contructed  house of 2 bedroom with 1 master bedroom. and 1 toilet bathroom separately. and 1 store room. With Car parking area.,"India, Goa, Bicholim",2 Bds - 3 Ba - 775 ft2,2020-05-19T16:09:50+0000,"₹ 10,000"
"100Gajh House For Sale...Akansha Enclave, Delapeer mandi road,Bareilly","21 Feet Front, 30 Feet Road, Gas Pipeline, 5 min Phoenix Mall, 5 Min Delapeer Mandi, Steel Gate, Beautiful Elevation , Sumersible fitted, School Nearby, , 90% Bank loan available, Good quality of construction , , At, Akansha Enclave,, Munshi Nagar,, Delapeer Mandi Road,, Bareilly.","India, Uttar Pradesh, Bareilly",2 Bds - 2 Ba - 900 ft2,2020-04-03T08:02:33+0000,"₹ 28,00,000"
3BHK villa luxurious & loanable at kalwar road.,"3BHK villa luxurious & loanable at kalwar road., , *Most prime location of Jhotwara loaclity., , *Loanable upto 90%, , *PMAY subsidy upto 2.67 lac., , Colony fascilities:-, , *Severage line, , *Water supply, , *Damar Road of 30/40/60 Feet., , Villa fascilities:-, , *Covered parking, , *Fall ceiling, , *Modular Kitchen, , *Texture paints and wallpapers, , *Premium quality vitrified tiles, , Nearby markets, hospitals, schools, banks and ATM available., , Only 100 mtr from main road, , contact us for more details and site visit.","India, Rajasthan, Jaipur",3 Bds - 2 Ba - 1200 ft2,2020-05-19T16:09:44+0000,"₹ 25,51,000"
SBI Bank Approved Ready to Move in Flats in For Sale in Uttarahalli,"Swasthik Balaji Shelters is promoted and developed by “ Swasthik Balaji Developers “ with an impeccable reputation for quality integrity and on schedule delivery. For most people, a home is the most important investment they will ever make. 2bhk & 3bhk apartments. 100% vastu for each flats., OC & CC Project – Gym , BBMP Approved. A Katha, Covered car parking’s., Multi-purpose hall for personal parties and celebrations., Rain water harvesting system., 6 passenger capacity lift. & 24/7 power backup., 24/7 security with CCTV surveillance at the entry and exit gates., Intercom Facility., Landscaped Children’s play area., Granite flooring for Common areas, Vitrified tile flooring for living, dinning, Kitchen and Bedrooms., Ceramic Tile flooring in bathrooms with glazed tiles upto 7’0’’ height., Adjacent to proposed peripheral ring road., WORK SPACES (Global Village Tech Park), Accenture, Crompton Greaves, Mindtree, Emphasis, NTT DATA, Sonata Software, Texas Instruments, Textron –and Offices of many IT Conglomerates.","India, Karnataka, Bengaluru",2 Bds - 2 Ba - 1200 ft2,2020-05-19T16:08:21+0000,"₹ 63,60,000"
2 bhk with roof in 22 lacs,It's a well furnished 2bhk builder flat with roof modular kitchen wardrobes led lights fans and modern flooring,"India, Uttar Pradesh, Ghaziabad",2 Bds - 2 Ba - 850 ft2,2020-05-19T16:02:48+0000,"₹ 22,00,000"
3 Bhk Ready to Move in Flats For Sale @ RR Nagar,"Swasthik Balaji Aashirwad  While the exquisite apartments with BBMP Approved deliver and elegant combination of unhindered flow and easy spaciousness, the refined features of sublime privacy create a sense of serenity like no other.","India, Karnataka, Bengaluru",3 Bds - 2 Ba - 1450 ft2,2020-05-19T16:08:19+0000,"₹ 81,20,500"
घर 20 सालों की  किश्तौ पर. JALANDHAR CITY,"JALANDHAR CITY , CALL ,   98157,55357,       घर 20 सालों की  किश्तौ पर.,             गिल कोलोनी नजदीक माडल टाऊन  JALANDHAR CITY ,   ,            ONE YEAR PAYMENT TIME ,   OR ,      90 PERCENT  BANK FINANCE AVAILABLE ,    LOAN WILL BE PROVIDED BY US IN ,      A SHORT SPAN OF TIME AT ,     YOUR DOOR STEP ,          4 ADJOINING KOTHIES ,     5 MARLA EACH,        4 BEDROOMS,       FULLY FURNISHED,          WEST FACING ,       1 YEAR PAYMENT TIME ,         90 PERCENT PERCENT BANK LOAN FACILITY'S AVAILABLE ,   JUST FOR YOU ,   CALL ,    MAHAJAN BUILDER'S ,    , ,      किराये के मकान में ,     कयौ रहना घर चाहिए ,    अपना,     तो काल करे ,   महाजन बिलडर,   , सभी सुविधाओ के साथ,    हम लाए ,   सबसे कम दामपर,    आज ही कॉल करे, MAHAJAN BUILDER'S ,    Near Model Town 4 Bedroom Kothi GILL COLONEY , ,  80 PERCENT  BANK LOAN FACILITY'S AVAILABLE ,  55 LAC KOTHI,  FULLY FURNISHED , 5 MARLA FURNISHED KOTHI , , GILL COLONEY , , OPP SAI MANDIR , , KHULRA KINGRA ROAD , , NR MODEL TOWN , JALANDHAR , 52 LAC , , MAHAJAN BUILDER'S , , UP TO 80 PERCENT  BANK LOAN FACILITY'S AVAILABLE , , 5 MARLA NEWLY BUILT KOTHI NEAR MODEL TOWN , GILL COLONEY , , NEWLY BUILT House For Sale In , GILL COLONEY , JALANDHAR , BOOKING , Charges 21000, BANK LOANS , FACILITY'S , Available, 1. 4 Bedroom, , 4  Bathroom,, 2.LOBBY , 3. KITCHEN,, 4. Porch,, 5.DOUBLE STORY , Facilities, 1. 24' FEET . WIDE ROAD, 2. Water supply,, 3. SEWAGE , 4. Street light,, 5. GREEN Belt , 6 NOC , 7 NAKSHA PASS FROM MUNICIPAL CORPORATION JALANDHAR , , 24 HOURS SECURITY , GATED COMMUNITY, , 4 Attached Bathrooms , Huge Lobby , Modular Kitchen , , Store , , Pooja Rooms , , Fully Marbled , , Double Charged , 3 D Tiles , , 24 Feet Wide Road , , N O C Available , , NAKSHA PASS , , 90 Percent , BANK LOANS APPROVED , , Latest Elevations , , Each Bedroom With Attached Double Beds , , Latest Designed , L C D Pannels , , WOODEN CUPBOARDS In Each Bedroom , , Green Belt Well Maintained , , Plot Size , 20 Ft , 52 Ft , , Facing West , , Possession On 50 Percent Payment , , Bookings Amount , Rs.21000, , Near By, , PNB BANK , , SAI MANDIR , , MORE GENERAL STORE , , EASY DAY GROCERY STORE , , MGN SCHOOL 1 KM , , CAMBRIDGE SCHOOL 1KM , , FREE SITE VISIT , , DIRECT DEAL WITH OWNERS NO COMMISSION WILL BE CHARGED , , BEST AWARDS WINNERS WORKING SINCE 1983, , Call Immmediately , MAHAJAN BUILDER'S","India, Punjab, Jalandhar",4 Bds - 4 Ba - 2077 ft2,2020-05-19T16:08:15+0000,"₹ 48,20,000"
30 FEET WIDE ROAD 13 MARLA SAS NAGAR,"CALL ,    98157,55357,     GOLDEN ,    OPPORTUNITY ,   PRIME LOCATION REASONABLE PRICE ,   BEST KOTHI IN TOWN ,   BEAUTIFUL KOTHI ,    39 FEET WIDE ROAD ,   GATED COMMUNITY ,   24 × 7 SECURITY ,   ADDRESS ,   SAS NAGAR WADALA ROAD NEAR MODEL TOWN , ,      अभी काल करे,    गोल्डन चांस,        देर न हो जाए,    ADRESS  ;,     साहबजादे अजीत सिंह नगर,        Villa Sahibjada Ajit Singh Nagar Or Sas Nagar Wadala Road Just Near Model Town ,   30 FEET WIDE ROAD ,    13 MARLA ,   5 BEDROOMS ATTACHED BATHROOMS ,   FULLY FURNISHED,    CALL,    MAHAJAN BUILDER'S,    FOR DETAILS ,   अभी काल करे,      महाजन बिलडर, ,         MAHAJAN BUILDERS ,   PLEASE VISIT FOR KOTHI 13 MARLA SAS NAGAR WADALA ROAD ,      JUST 500 METERS AWAY FROM URBAN ESTATE PH2 ,       500 METERS AWAY FROM MODEL TOWN ,    CALL ,   IMMEDIATELY ,   , ,    5 Bedroom Kothi SAS NAGAR Nr Model Town 70 % BANK LOAN FACILITY'S AVAILABLE ,  , 13 Marla Fully Furnished Kothi SAS NAGAR ,  NR MODEL TOWN ,  13 MARLA KOTHI,  SAS NAGAR ,  WADALA ROAD ,  Nr Model Town , ,  30 FEET WIDE ROAD ,  Gated Community , Fully Furnished , 5 BHK,  WEST , Facing Independent Villa , , Just 50 Meters Away From ,  WADALA ROAD , , UP TO 90 % BANK,  LOANS FACILITIES , , NEAR GURU RAVIDAS CHOWNK , ,  1.5 KM FROM BUS STAND , 1KM FROM URBAN ESTATE PH2 , , 1KM FROM MODEL TOWN , , 1KM FROM GTB NAGAR , , 100 Meters Away From ,  WADALA ROAD , Easy PUBLIC Transport ,  AUTO THREE WHEELERS AVAILABLE FOR BUS STAND FOR Rs. 10 ONLY , , 30 FEET WIDE ROAD ,  EAST ,  FACING , * 5 BHK with Washroom, * Marble Flooring., * False Ceiling, * LED Lighting, * Wallpapers, * Modular Kitchen , * Wooden LCD Panel, * Wooden Almira's, DOUBLE BEDS ATTACHED , FULLY FURNISHED , ATTACHED,  DOUBLE BEDS , , LATEST ELIVATION , , N O C NAKSHA PASS FROM MUNICIPAL CORPORATION JALANDHAR , , BANK LOANS APPROVED , , , MAHAJAN BUILDER'S , DIRECT DEAL ,  WITH OWNERS,  NO COMMISSION WILL BE CHARGED , BEST AWARDS WINNERS WORKING SINCE 1983, , कोठी बनवाने , ,  के लिए , , (WITH MATERIAL ), , हमें मिले, , CONSTRUCT , ,  YOUR DREAM HOUSE, ,  WITH US WE WILL, ,  CONSTRUCT YOUR, ,  DREAM HOUSE, , , , ਅਪਣੇ ਪਲਾਟ ,  ਤੇ ਆਲੀਸ਼ਾਨ ,  ਕੋਠੀ, ਦੁਕਾਨ ,  ਅਤੇ ਕਿਸੇ ਵੀ , ਤਰ੍ਹਾਂ ਦੀ ਉਸਾਰੀ (construction),  ਲਈ ਸਾਨੂੰ , ਸੰਪਰਕ ਕਰੋ, , MAHAJAN BUILDER'S , MODEL TOWN JALANDHAR , CALL  NOW, , CALL IMMEDIATELY, , Plots Available, going Cheap Prime Locations , MAHAJAN , ALL PLOTS 70 PERCENT BANK LOANS APPROVED , FOR DETAILS CALL MAHAJAN BUILDER'S DIRECT DEAL WITH OWNERS NO COMMISSION WILL BE CHARGED , BEST AWARDS WINNERS WORKING SINCE 1983, , Up To 80 PERCENT  BANK LOAN FACILITY,      CALL ,   98157,55357,   MAHAJAN BUILDER'S","India, Punjab, Jalandhar",4+ Bds - 4+ Ba - 5010 ft2,2020-05-19T16:08:15+0000,"₹ 1,90,00,000"
"New Semi furnished flat at Erayilkadavu,Kottayam near Balarama","Flat having  3 rooms, hall, kitchen, 2 bathrooms ,balcony and covered car parking. On the 2nd floor of 3 storied building.Having electrical fittings and kitchen cabinet. With lift and generator backup. Health club and 24 hours security. 10 minutes walk from Manorama Junction and collectorate.","India, Kerala, Kottayam",3 Bds - 2 Ba - 1147 ft2,2020-03-02T11:59:31+0000,"₹ 50,00,000"
घर 20 सालों की  किश्तौ पर गिल कोलोनी नजदीक माडल टाऊन,"CALL ,   98157,55357, महाजन बिलडर पेश करते है ,       0 % डाउन पेयमनट,         ,            सपनों का घर बहुत कम बजट में,      गिल कोलोनी,            90 % BANK FINANCE AVAILABLE ,      4 BEDROOMS KOTHI ,         LOANS WILL BE ARRANGED BY US AT YOUR DOOR STEP IN SHORT SPAN OF TIME,    CALL ,   MAHAJAN BUILDER'S ,       , ,       <JORA KOTHIES TWO ADJOINING KOTHIES JUST ADJOINING URBAN ESTATE PH2 AND MODEL TOWN 5 MARLA EACH 4 BEDROOMS GOING VERY VERY CHEAP >,   HURRY UP ,   CALL NOW ,   , ,   किराये के मकान में ,     कयौ रहना घर चाहिए ,    अपना,     तो काल करे ,   महाजन बिलडर,   , सभी सुविधाओ के साथ,    हम लाए ,   सबसे कम दामपर,    आज ही कॉल करे, MAHAJAN BUILDER'S ,    Near Model Town 4 Bedroom Kothi GILL COLONEY , ,  80 % BANK LOAN FACILITY'S AVAILABLE ,  48 LAC KOTHI,  FULLY FURNISHED , 5 MARLA FURNISHED KOTHI , , GILL COLONEY , , OPP SAI MANDIR , , KHULRA KINGRA ROAD , , NR MODEL TOWN , JALANDHAR , 48 LAC , , MAHAJAN BUILDER'S , , UP TO 80 % BANK LOAN FACILITY'S AVAILABLE , , 5 MARLA NEWLY BUILT KOTHI NEAR MODEL TOWN , GILL COLONEY , , NEWLY BUILT House For Sale In , GILL COLONEY , JALANDHAR , BOOKING , Charges 21000, BANK LOANS , FACILITY'S , Available, 1. 4-Bedroom, , 4-Bathroom,, 2.LOBBY , 3. KITCHEN,, 4. Porch,, 5.DOUBLE STORY , Facilities, 1. 24' FEET . WIDE ROAD, 2. Water supply,, 3. SEWAGE , 4. Street light,, 5. GREEN Belt , 6 NOC , 7 NAKSHA PASS FROM MUNICIPAL CORPORATION JALANDHAR , , 24 HOURS SECURITY , GATED COMMUNITY, , 4 Attached Bathrooms , Huge Lobby , Modular Kitchen , , Store , , Pooja Rooms , , Fully Marbled , , Double Charged , 3 D Tiles , , 24 Feet Wide Road , , N O C Available , , NAKSHA PASS , , 90 Percent , BANK LOANS APPROVED , , Latest Elevations , , Each Bedroom With Attached Double Beds , , Latest Designed , L C D Pannels , , WOODEN CUPBOARDS In Each Bedroom , , Green Belt Well Maintained , , Plot Size , 20Ft ×50Ft , , Facing West , , Possession On 50 Percent Payment , , Bookings Amount , Rs.21000, , Near By, , PNB BANK , , SAI MANDIR , , MORE GENERAL STORE , , EASY DAY GROCERY STORE , , MGN SCHOOL 1 KM , , CAMBRIDGE SCHOOL 1KM , , FREE SITE VISIT , , DIRECT DEAL WITH OWNERS NO COMMISSION WILL BE CHARGED , , BEST AWARDS WINNERS WORKING SINCE 1983, , Call Immmediately , MAHAJAN BUILDER'S , , , STAIRS OUTSIDE , Two KITCHENS TWO SAME PORTIONS DOUBLE STORY 5 MARLA KOTHI 5 BEDROOMS , FULLY FURNISHED , 58 LAC HOUSE , BEST FOR TWO FAMILIES OR FIRST FLOOR FOR RENTAL INCOME , BANK LOAN FACILITY'S , UP TO 90 %, , 5 BEDROOMS , , 90 % BANK LOANS AVAILABLE , , 1KM FROM MODEL TOWN , , 5 BHK , , 5 MARLA FURNISHED KOTHI EAST FACING , According To Vastu, , GILL COLONEY OPP SAI MANDIR , KHULRA KINGRA ROAD , , NR WADALA CHOWNK , , NR MODEL TOWN , , NEWLY BUILT House For Sale, WADALA ROAD , JALANDHAR , BOOKING , Charges 21000, BANK LOANS , FACILITY'S , Available, 1. 5-Bedroom, , 4-Bathroom,, 2.LOBBY , 3. KITCHEN,, 4. Porch,, 5.DOUBLE STORY , Facilities, 1. 24 FEET . WIDE ROAD, 2. Water supply,, 3. SEWAGE , 4. Street light,, 5. GREEN Belt , 6 .Ground Floor Granite Marble , 7. Wall To Wall Down Ceiling , 8. PHILIPS Lights In Down Ceiling , 9.PHILIPS SWITCHES , 10. Front Elivation Tottaly Italian Tiles, 11. Wooden Cupboard With Slide Doors , 12.Double Beds Attached , 13. Dining Table, 24 HOURS SECURITY , GATED COMMUNITY, , 5 Attached Bathrooms , Huge Lobby , Modular Kitchen , , Store , , Pooja Rooms , , Fully Marbled , , Double Charged , 3 D Tiles, GROUND FLOOR GRANITE Marble , , 24 Feet Wide Road , , Approved Coloney , With N O C, NAKSHA PASS , , BANK LOANS APPROVED , , Latest Elevations , , Each Bedroom With Attached Double Beds , , Latest Designed , L C D Pannels , , WOODEN CUPBOARDS In Each Bedroom , , Green Belt Well Maintained , , Plot Size , 20Ft × 50Ft , , Facing EAST , , Bookings Amount , Rs.21000, , Near By, , PNB BANK , , SAI MANDIR , , MORE GENERAL STORE , , EASY DAY GROCERY STORE , , MGN SCHOOL 1 KM , , CAMBRIDGE SCHOOL 1KM , , FREE SITE VISIT , CALL, 98157,55357, MAHAJAN BUILDER'S","India, Punjab, Jalandhar",4 Bds - 4 Ba - 2122 ft2,2020-05-19T16:08:15+0000,"₹ 48,90,000"
2 BJP with lift & parking in 23 lacs,It's a well furnished 2bhk builder flat with lift and parking with modular kitchen wardrobes led lights fans and modern flooring,"India, Uttar Pradesh, Ghaziabad",2 Bds - 2 Ba - 850 ft2,2020-05-19T16:02:48+0000,"₹ 23,00,000"
aashi homes construct house in various location of Kolar Road Bhopal,"हमारे आशी होम्स द्वारा कोलार रोड की भिन्न-भिन्न लोकेशन ( जैसे राजहर्ष कॉलोनी राज वेद कॉलोनी दानिश कुंज कोलार रोड आशीर्वाद कॉलोनी ) में कस्टमर के आवश्यकताएं शुरुआती कीमत 2800000 से ₹5000000 के बीच अनुसार विभिन्न प्रकार के सिंगलेक्स तथा डुप्लेक्स कंस्ट्रक्शन  किए जाते हैं, , सुविधाएं, , प्लॉट ढूंढने की झंझट से छुटकारा तथा अपने बजट और आवश्यकता अनुसार कंस्ट्रक्शन कराया जा सकता है, , लोन फैसिलिटी तथा अन्य डॉक्यूमेंटेशन जैसे रजिस्ट्री बिल्डिंग परमिशन तथा मकान में काम आए जाने वाले सभी दस्तावेज को हमारे द्वारा पूर्ण किया जाता है, , बजट कम होने की दशा में डुप्लेक्स के स्थान पर सिंगलेक्स कंट्रक्शन भी किया जाता है, , Features, RCC framed structure, Gold bricks, Double charge vitrified tiles, , Dewas section with both side pasted sunmica flash doors 3 track aluminium sliding window with mosquito net., , Bathroom fitting plumber company with Cera sanitary fitting, Birla white double coat wall care putty with promise interior emotion Dulux company outer colour weathershield Max., V-Guard concealed copper wiring with modular switches., Possession in 6-8 month., Loan facility from LIC housing finance, Price range start from 28 lakh to 50 lakh","India, Madhya Pradesh, Bhopal",3 Bds - 3 Ba - 1100 ft2,2020-03-16T05:23:27+0000,"₹ 28,00,000"
5 MARLA 2 KITCHENS TOWER ENCLAVE NAKODER ROAD,"CALL ,    98157,55357,    महाजन बिलडर पेश करते है,      सस्ते घर किश्तौ पर,     सपनों का घर बहुत ,       कम बजट में,     90 % बैंक लोन उपलब्ध, अभी काल करे,      महाजन बिलडर,     ,   PRIME LOCATION REASONABLE PRICE ,   MAHAJAN BUILDERS ,   NORTH  FACING ,   4 BEDROOMS ,   4 ATTACHED BATHROOMS ,   NAKODER ROAD ,    PUBLIC TRANSPORT AVAILABLE FOR BUS STAND FOR RS 10 ONLY ,   NOC NAKSHA PASS FROM MUNICIPAL CORPORATION JALANDHAR CEMENTED ROAD ,  90 % BANK LOAN AVAILABLE ,   ),   , ,    4 BEDROOMS DOUBLE STORY ,   JUST 43 LAC,  CALL ,   MAHAJAN BUILDER'S ,  , ,  NORTH Facing , According to Vastu,  4 Bedrooms,   2 KITCHENS ,   TWO SAME PORTIONS A CLASS WOODEN WORK ,    STAIRS OUTSIDE ,    Modular Kitchen,     POOJA ROOM ,    STORE ,      DUPLEX KOTHI DOUBLE STORY Best Location REASONABLE PRICE ,  , ,    NEAR WADALA CHOWNK NAKODER ROAD ,   4 BEDROOM KOTHI ,   FULLY FURNISHED ,   TOWER ENCLAVE NOKEDAR ROAD ,    BEST PRICE ,    ,       4 Bedrooms Kothi Double Story Nr Wadala Chownk NAKODER ROAD , Tower Enclave ph3, ,  Cheap And Best,  4 Bedrooms Kothi Near Model Town ,   ,  4 Bedrooms Kothi Double Story Nr Model Town,     43 Lac , MAHAJAN BUILDER'S ,  Kothi,  Tower Enclave ,   PH 3,   NAKODER ROAD ,  NR MODEL TOWN ,  4 BEDROOMS ,  Adjoining Wadala Chownk ,  1KM FROM MODEL TOWN ,  60 % Bank LOAN Available Kothi ,    Fully Furnished , ,  Kothi Going Cheap ,     Just Near To WADALA CHOWNK NAKODER ROAD ,   5 Marla Fully Furnished Kothi , ,  , ~Fully Furnished Kothi,     4 Bhk ,  FULLY Furnished Kothi 43 Lac, ,  5 Marla New Built Kothi     ,        Tower Enclave NAKODER ROAD , , Just 1KM FROM URBAN ESTATE PH2 , 1KM FROM MODEL TOWN , PLOT , Size 20 Feet× 51 Feet , Facing NORTH , 3 Bedrooms , Attached Bathrooms , Double Beds Attached , Sofa Set , Dining table , FULLY Furnished , Prime Location , Posh Area , N O C Clear , Naksha PASS FROM MUNICIPAL CORPORATION JALANDHAR , Reasonable Price , Call Immmediately , MAHAJAN BUILDER'S , 98157,55357","India, Punjab, Jalandhar",4 Bds - 4 Ba - 2100 ft2,2020-05-19T16:08:15+0000,"₹ 43,00,000"
Independent house near Pendurthi very close to 6lines highway leavinng,"Independent house near Pendurthi very close to 6lines highway leaving, , Location :-  Pendurthi, , LAND MARK:, , 	Pendhurthi  junction to sabbavaram , road., , 	1 km from pendurthi junction, , Price Details :  -, , •	1050 sq.ft - 139 sq.yards - cost: , Rs.53,00,000/-, , PROJECT  HIGH LIGHTS :, , 	 VUDA approved , , 	Spot registration ,clear title , , 	Main entrance arch with gate , , 	All roads are black top roads , , 	Under ground drainage and electricity , , 	24*7 security and water facility, , LOCATION  HIGH LIGHTS:, , 	1 Km drive from pendhurthi  junction , , 	3 km drive from chinnamusiliwada, , 	7 km drive from CMR gopalapatanam , , 	10 km  drive from NAD juncion","India, Andhra Pradesh, Visakhapatnam",2 Bds - 2 Ba - 1050 ft2,2020-05-11T07:12:02+0000,"₹ 53,00,000"
3 Bed room delux furnished flat,"I want to sell my three bed room flat (1.5 years) old ) located at near railway station  VISAKHAPATAM OLD ITI JUNCTION. if anyone interested can contact me on my personal what's app., , Total 1380 sft, East face, 120 sft parking, Gated community, Near old ITI JUNCTION, Three bed room, Two bath room, Fully furnished, Swimming pool, Gym, Shopping complex, Guest room, Children's play area is, Function hall","India, Andhra Pradesh, Visakhapatnam",3 Bds - 2 Ba - 1380 ft2,2020-05-19T16:02:19+0000,"₹ 68,00,000"
House for sale 16 cent 2850sqt,House for sale at kuravilangad 16cent plot 2850sqft house 1km kuravilangad chruch road side,"India, Kerala, Kottayam",4 Bds - 4 Ba - 2850 ft2,2020-05-19T16:08:08+0000,"₹ 1,20,00,000"
3 Bhk BBMP Approved A Katha Flats For Sale RR Nagar,"PROJECTS HIGHLIGHTS, 2bhk & 3bhk apartments., 100% vaastu for each flats., OC & CC Project – Gym , BBMP Approved. A Katha, Covered car parking’s., Multi-purpose hall for personal parties and celebrations., Rain water harvesting system., 6 passenger capacity lift. & 24/7 power backup., 24/7 security with CCTV surveillance at the entry and exit gates., Intercom Facility., Landscaped Children’s play area., Granite flooring for Common areas, Vitrified tile flooring for living, dinning, Kitchen and Bedrooms., Ceramic Tile flooring in bathrooms with glazed tiles upto 7’0’’ height., Adjacent to proposed peripheral ring road., WORK SPACES (Global Village Tech Park), Accenture, Crompton Greaves, Mindtree, Emphasis, NTT DATA, Sonata Software, Texas Instruments, Textron –and Offices of many IT Conglomerates., EDUCATIONAL Intuitions, 1. Sri Rajeshwari Vidyashala (Kannada Medium School-established 1965)., 2. National Hill View Public School., 3. Baldwin High School., 4. Swarga Rani High School., 5. Sri Jnanakshi Vidyaniketan, 6. National Public School , COLLEGES, 1. Bangalore University., 2. R.V. College of Engineering, 3. JSS Academy of Technical Education, 4. Global Academy of Technology, 5. SJB Institute of Technology, 6. R.N.S. Institute of Technology, 7. Jain College., 8. Raja Rajeshwari Medical and Dental College.","India, Karnataka, Bengaluru",3 Bds - 2 Ba - 1500 ft2,2020-05-19T16:08:04+0000,"₹ 84,10,000"
Kottappuram - 1500 Sqft. Good-looking 3BHK villa in 3.75 Cents.,"Website: samagraproperties com, Location : 400 mtrs fromPunkunnam –Westfort Road., Landmark: Near Mango Bakers Junction,Punkunnam., Built up Area:1500 Sqft.;, Land Area: 3.75 Cents;, Villa Style: Contemporary;, Flooring  : Vitrified tiles;, Joineries: Hardwoods;, Sanitary & CP Fittings: Cera Make;, Electrical: 3 phase wiring;, Water source: Bore well;, , For more details:, Samagra Properties, 3rd Floor, Prasad Arcade, Patturaikkal - Thrissur  22., , We give legal & financial documents assistance for easy availability of home loans from leading banks with minimal interest rates., (3013)","India, Kerala, Thrissur",3 Bds - 3 Ba - 1500 ft2,2020-05-19T16:01:37+0000,"₹ 80,00,000"
A luxury 2 BHK JDA approved flat manglam city,"A luxury 2 BHK flat manglam city kalwar road Jaipur, 2.67 lac govt subsidy available, Modular kitchen ward drop chimani and fan light available, Mandir park and 40 feet road, More details call us","India, Rajasthan, Jaipur",2 Bds - 2 Ba - 800 ft2,2020-05-19T16:07:42+0000,"₹ 13,51,000"
100% loanable 3 BHK JDA approved villa hatoj,"A luxury 3 BHK JDA approved villa prime location kalwar road hatoj, 2.67 lac govt subsidy available, Modular kitchen ward drop chimani and fan light available, 40 feet road, Mandir park and water facility also available, More details call us","India, Rajasthan, Jaipur",3 Bds - 2 Ba - 1200 ft2,2020-05-19T16:07:42+0000,"₹ 20,21,000"
Ground floor. Look like a individual house,"OPP  Srinivasa function hall, padalapeta , , New construction. Very near to Jammu road.","India, Andhra Pradesh, Vijayanagaram District",2 Bds - 2 Ba - 900 ft2,2020-05-19T16:07:41+0000,"₹ 18,50,000"
All individual buildings,We construct all types of buildings with less cost  from 950 - 3200 per square feet,"India, Andhra Pradesh, Rajahmundry",2 Bds - 2 Ba - 1250 ft2,2020-05-19T16:06:31+0000,"₹ 15,00,000"
Aranattukkara - 2300 Sqft. Good-looking 3BHK villa in 3.00 Cents.,"Website: samagraproperties com, Location : 100 mtrs from Aranattukkara – Chettuppuzha Road., Landmark: Near Confident lotus,Aranattukkara. , Built up Area: 2300 Sqft.;, Land Area: 3.00 Cents;, Villa Style: Contemporary;, Flooring  : Granite & Vitrified tiles;, Joineries: Teak &Hardwoods;, Sanitary & CP Fittings: Cera Make;, Electrical: 3 phase wiring;, Water source: Open well;, , For more details:, Samagra Properties, 3rd Floor, Prasad Arcade, Patturaikkal - Thrissur  22., , We give legal & financial documents assistance for easy availability of home loans from leading banks with minimal interest rates., (3029)","India, Kerala, Thrissur",3 Bds - 3 Ba - 2300 ft2,2020-05-19T16:01:37+0000,"₹ 70,00,000"
Punkunnam -2000Sqft. Good looking 4BHK Villa in 6.30Cents.,"Website: samagraproperties com, Location : 700 mtrs. from Punkunnam Junction., Landmark: Near Seetha Ramaswamy Temple. , Built up Area: 2000 Sqft.;, Land Area: 6.30 Cents;, Villa Style: Contemporary;, Flooring  : Granite & Vitrified tiles;, Joineries: Teak &Hardwoods;, Sanitary & CP Fittings: Cera Make;, Electrical: 3 phase wiring;, Water source: Open well;, , For more details:, Samagra Properties, 3rd Floor, Prasad Arcade, Patturaikkal - Thrissur  22., , We give legal & financial documents assistance for easy availability of home loans from leading banks with minimal interest rates., , 984","India, Kerala, Thrissur",4 Bds - 4 Ba - 2000 ft2,2020-05-19T16:01:37+0000,"₹ 85,00,000"
%Only for Big deal of % 4BHK % Flat  for Sale In Hi-Tech City.%,%Only for Big deal of % 4BHK % Flat  for Sale In Hi-Tech City.%,"India, Telangana, Hyderabad",4 Bds - 4 Ba - 3448 ft2,2020-05-15T11:45:59+0000,"₹ 3,09,63,375"
Very good constrauction in bachupalli well location,"This is resale flat , 9-10years old, Under cellar, Fully power backup, Loan available , Price 46Lakhs(Slightly negotible) , Well maintained appartment , Fully ventilation flat , Very near to Bachupalli cross road , Brokarege commission “2%“(non negotible) , For more details plz contact , Sivaramaprasad , 9866(ZERO)55488, Plz contact genuine buyers only","India, Telangana, Hyderabad",3 Bds - 2 Ba - 1530 ft2,2020-03-06T05:08:19+0000,"₹ 46,00,000"
Town Ship project @ Alandi starting from 25L,"180 Flat project at landmark location with Best ROI, , LOCATIONLocation on map, Address	Charholi Khurd Rd, Alandi, Maharashtra 412105, , Gods County by Ganesh at Alandi, Pune North Pune has been making headlines in the new project launches updates for Pune for the various meticulously residential options it provides. Gods County by Ganesh is conveniently priced across various budgets and is ideally located to ensure comfort and higher living quotient for its residents., , The project offers residential units with top class specifications that meet the expectations of the lifestyle of the urban population, yet Gods County ensures well-being and easy life with all the needful residential facilities for the property owners in this project., , Gods County by Ganesh ensures lifestyle that is modern yet contemporary at the same time. The project is well equipped with with all modern amenities and 24*7 security services to facilitate the needs of the residents. With its offerings of 1 and 2 BHK residential apartments with area ranging 610-850 sq ft., these residences marks Gods County as one of the most detailed yet affordable residential projects in Alandi, Pune North.","India, Maharashtra, Pune",1 Bds - 1 Ba - 615 ft2,2020-03-28T17:19:07+0000,"₹ 25,00,000"
602/1103 New colony sity vihar dubagga.,Dubagga bazar sabji mandi.,"India, Uttar Pradesh, Lucknow",4 Bds - 3 Ba - 500 ft2,2020-05-19T16:01:36+0000,"₹ 18,50,000"
ANNA NAGAR 3 BEDROOM FULLY FURNISHED UDS 875 SQ FT,"3bhk flat with lift and 2 large covered car parking with seperate gate for parking, FLOORING-full house italian marble , FALSE CELING with phlips false celing light and phlips strip light with remote acess, FURNISHING-fully furnished all over the house.All the 3 bedrooms are furnished with wardrobes and cots., FITTINGS-All are jaguar fittings in kitchen and bathrooms, with 3 geysers in all bathrooms, KITCHEN-MODULAR KITCHEN with faber hob and chimney, BALCONY-two balcony with grill work, house is built with vasthu,very spacious with many windows, AIR CONDITIONER in living room and all bedrooms ,  near 13TH main road, 1km radius from chinmaya vidyalaya,VR MALL, --76677————-, —-77779","India, Tamil Nadu, Chennai",3 Bds - 3 Ba - 1575 ft2,2020-05-19T16:01:04+0000,"₹ 1,95,00,000"
Pampady.10.centum.erunila.veedum.55.lakh.,Pampady.10.centum.erunila.veedum.55.lakh.bank.loan.facilityes.9/9/6/1/8/8/3/6/7/4,"India, Kerala, Kottayam",3 Bds - 3 Ba - 1800 ft2,2020-05-19T16:00:31+0000,"₹ 55,00,000"
Beautiful property in the cosmopolitan township of Wanowrie,"Large 2 BHK house in heart of Wanowrie with all amenities. Ready to move on status, loan free and is well maintained. 2 bathrooms plus 2 balconies along with super-spacious rooms make it a delight to stay in this property. Proximity to camp, railway station and all markets, a self-sufficient locality...","India, Maharashtra, Pune",2 Bds - 2 Ba - 1215 ft2,2020-03-11T03:17:10+0000,"₹ 87,00,000"
Kodungoor.bank.loanodukudy.new.house.10.centil.,Kodungoor.new.house.10.cent.,"India, Kerala, Kottayam",3 Bds - 3 Ba - 1600 ft2,2020-05-19T16:00:31+0000,"₹ 48,00,000"
CMDA Approved Flats in Porur Garden phase -2 -840-sqft,CMDA Approved Flats in Porur Garden phase -2 -840-sqft,"India, Tamil Nadu, Chennai",2 Bds - 2 Ba - 835 ft2,2020-03-06T07:37:15+0000,"₹ 52,24,346"
Pampady.12.centum.varka.veedum.57.lakh.,Pampady.12.centum.varka.veedum.57.lakh.all.season.water.9/9/6/1/8/8/3/6/7/4,"India, Kerala, Kottayam",3 Bds - 2 Ba - 1300 ft2,2020-05-19T16:00:31+0000,"₹ 57,00,000"
2 Bhk @ Borivali East,"Rustomjee Summit in Rajendra Nagar, Mumbai AndheriDahisar by Rustomjee Builders is a residential project., The project offers Apartment with perfect combination of contemporary architecture and features to provide comfortable living., , The Apartment are of the following configurations: 2BHK and 3BHK, , The size of the Apartment ranges in between 66.0 Sq. mt and 138.7 Sq. mt, , Rustomjee Summit price ranges from 1.45 Cr to 2.99 Cr., , Rustomjee Summit offers facilities such as Gymnasium and Lift., It also has amenity like Swimming pool., It also offers services like Garbage disposal., , It also offers Car parking., , The project is Vastu complaint.","India, Maharashtra, Mumbai",2 Bds - 2 Ba - 1019 ft2,2020-05-01T11:57:13+0000,"₹ 1,98,00,000"
Spaceton Gran Heights Apartment Cherthala,"Granheights Apartments is a premium apartment project located in the heart of Cherthala town, Alappuzha. Experience urban luxurious lifestyle within the convenience of the town. Granheights apartments are located close to KSRTC bus stand cherthala within a short drive to INFOPARK and NH47. , The project consist of 20 units, with Apartments ranging from 900sqft to 1500sqft.","India, Kerala, Cherthala",2 Bds - 2 Ba - 907 ft2,2020-03-16T10:04:57+0000,"₹ 35,00,000"
Pampady.15.centum.erunila.veedum.4.bhk.all.season.water.,Pampady.15.centum.erunilaveedum.4.bhk.all..season.water.9/9/6/1/8/8/3/6/7/4,"India, Kerala, Kottayam",4 Bds - 4 Ba - 30000 ft2,2020-05-19T16:00:31+0000,"₹ 1,25,00,000"
"2 BHK  Flat in best price  for Sale located  in  Neral, Puraniks City","Project Highlights, Proposed 107 acres land parcel, Ample open and recreational space","India, Maharashtra, Ulhasnagar",2 Bds - 2 Ba - 514 ft2,2020-05-19T16:00:17+0000,"₹ 31,74,000"
"For your family need, Puraniks City 2 BHK  Flat For Sale in  Neral, Pu","Launching Phase 1, Phase 1 consisting of 4 Sectors, 30 buildings comprising of 27 buildings with G+7 and 3 with G+4, 1 BHK & 2 BHK Residencies","India, Maharashtra, Thane",2 Bds - 2 Ba - 514 ft2,2020-05-19T16:00:17+0000,"₹ 31,74,000"
1190 sqft 2 BH  independent blocks East road facing. Half km to road.,"Agent 1% commission. Negotiable., Contact @ 99666,,04674.., , Vijayawada ramavarappadu ballemvari Street. Highway nearby., , 1190 sqft 2 Bedroom flat East facing., Independent blocks. Good living., , Sale @ 35 lakhs. Bank loan., Car parking lift available., Ready to occupy. Prime location., , Half km to Eluru road Highway.","India, Andhra Pradesh, Vijayawada",2 Bds - 2 Ba - 1190 ft2,2020-03-21T23:17:56+0000,"₹ 35,00,000"
3BHK Spacious Apartment In Amara Township At 1CR 68 Lacs All Inclusive,"LOCATION, , Prime Central Thane., , Prime Central Thane, the destination perfectly located between East and West Thane, has evolved into the Mumbai Metropolitan Region’s finest example of urban planning. It is amongst the first cities to be included in the central government’s Smart City Project, and it has earned the title of Model City by UN-Habitat and the European Commission., , Amara boasts of an enviable location in Prime Central Thane, with excellent road and rail networks connecting it to every part of Mumbai. The metropolis’ superlative infrastructure includes top-notch international schools, excellent colleges, 15 multispecialty hospitals providing world-class healthcare, and civic and sustainability processes that are a benchmark. Thane is also considered India’s most promising centre for business; India’s top 50 corporates, including IT and ITES firms, banks and multinationals, already have a presence here. With the throb and hum of a fast-growing urban centre just a drive away from your secluded haven, Amara offers you the best of both worlds. The centre of growth, , infrastructure and opportunity in MMR., , • Excellent rail and road network, with connectivity to every part of Mumbai, Navi Mumbai and other cities across India., , • Sanctioned metro network connecting Thane to Wadala., , • Over 1 lac IT and corporate positions within 15 minutes’ driving distance., , • Exceptional civic infrastructure and environment-sensitive planning., , • Companies with a presence in Thane include TCS, Novartis, Serco, Mondelez, Eureka Forbes, Eicher, Tata Technologies, ACC and Bayer.","India, Maharashtra, Thane",3 Bds - 3 Ba - 1290 ft2,2020-03-27T07:34:55+0000,"₹ 1,62,00,000"
"##49 Lakh,2 BHK In Kharadi,Nr EON IT Park-Township code name- Pegasus","Project Key point.., Premium projects as a part of 100+ acre township., , Only 10 minutes away from EON IT SEZ and WTC., , Escape the traffic into this green oasis of luxury., , All clusters are registered with MahaRera., , Healthcare, , Lifeline Hospital: 5 Kms., , Columbia Asia Hospital: 6 Kms., , Noble Hospital: 10 Kms., , Motherhood: 6 Kms., , Education, , Holy Angels Convent School: Next to the project., , Podar International School: 4.5 Kms., , Lexicon International School: 5 Kms., , Sanskriti School: 4 Kms., , Victorious Kidss Educares: 5 Kms., , The Bishop’s School Kalyani Nagar: 12 Kms., , Shopping & Entertainment, , Reliance Mart: 5.5 Kms., , Phoenix Market City: 8 Kms., , Amanora Mall: 10 Kms., , Seasons Mall: 10 Kms., , Airport, Railway Station & Industrial Hubs, , Hotel Radisson Blu: 5.5 Kms., , Hyatt Regency: 9 Kms., , Novotel: 9 Kms., , Westin: 11 Kms., , Lounge Fly High: 4.5 Kms., , FML Lounge : 4.5 Kms., , Township Level Amenities, , 5 Star Club, , Crèche, , Party Lawn & Banquet Area, , Guest Room, , Spa, , Conference Rooms, , Vegetable market, , Hospitals, , Fire Station, , Police Station, , Convenience Shopping, , Theme Gardens, , VTP Cygnus Amenities, , Party Lawn, , Kids Pool, , Semi Olympic Size Pool, , Entrance Paviilion, , Multipurpose Hall, , Gym, , Indoor Game, , Barbeque Area, , Children’s Play Area, , Outdoor Gym, , Meditation Zone, , Senior Citizen Area, , Miyawaki Forest, , Reflexology Path, , Podium, , Jogging Track, , Tennis Court, , Half Basket Ball Court, , Outdoor Table Tennis Court","India, Maharashtra, Pune",2 Bds - 2 Ba - 797 ft2,2020-05-19T16:00:17+0000,"₹ 49,00,111"
3.3cent 1400aqft 3Bhk new house for sale Tripunithura Puthiyakav,3.3cent 1400aqft 3Bhk new house for sale Tripunithura Puthiyakav,"India, Kerala, Kochi",3 Bds - 3 Ba - 1400 ft2,2020-03-23T10:01:40+0000,"₹ 55,00,000"
"#49 Lakh,2 BHK In Kharadi,Nr EON IT Park-Township code name- Pegasus","About Project, , Premium projects as a part of 100+ acre township., , Only 10 minutes away from EON IT SEZ and WTC., , Escape the traffic into this green oasis of luxury., , All clusters are registered with MahaRera., , Healthcare, , Lifeline Hospital: 5 Kms., , Columbia Asia Hospital: 6 Kms., , Noble Hospital: 10 Kms., , Motherhood: 6 Kms., , Education, , Holy Angels Convent School: Next to the project., , Podar International School: 4.5 Kms., , Lexicon International School: 5 Kms., , Sanskriti School: 4 Kms., , Victorious Kidss Educares: 5 Kms., , The Bishop’s School Kalyani Nagar: 12 Kms., , Shopping & Entertainment, , Reliance Mart: 5.5 Kms., , Phoenix Market City: 8 Kms., , Amanora Mall: 10 Kms., , Seasons Mall: 10 Kms., , Airport, Railway Station & Industrial Hubs, , Airport: 10 Kms., , Pune Railway Station: 15 Kms., , Hadapsar Industrial Estate: 11 Kms., , Ranjangaon Industrial (LG, TATA , Fiat, etc.) : 40 Kms, , Hotels / Restaurants, , Hotel Radisson Blu: 5.5 Kms., , Hyatt Regency: 9 Kms., , Novotel: 9 Kms., , Westin: 11 Kms., , Lounge Fly High: 4.5 Kms., , , Conference Rooms, , Vegetable market, , Hospitals, , Fire Station, , Police Station, , Convenience Shopping, , Theme Gardens, , VTP Cygnus Amenities, , Party Lawn, , Kids Pool, , Semi Olympic Size Pool, , Entrance Paviilion, , Multipurpose Hall, , Gym, , Indoor Game, , Barbeque Area, , Children’s Play Area, , Outdoor Gym, , Meditation Zone, , Senior Citizen Area, , Miyawaki Forest, , Reflexology Path, , Podium, , Jogging Track, , Tennis Court, , Half Basket Ball Court, , Outdoor Table Tennis Court, , Chess Board, , Sit Outs, , New Launch","India, Maharashtra, Pune",2 Bds - 2 Ba - 798 ft2,2020-05-19T16:00:17+0000,"₹ 49,01,049"
Buy your own luxurious Lakeview Farmhouse.,"Away from the hustle bustle of Big Cities, people have started to invest in land in remote areas., , A farmhouse is the house,which serves a residential purpose in an agricultural setting surrounded by a farm or a well landscaped garden where one can spend some time in the lap of nature., , We have a beautifully Luxurious Fully Furnished 4 BHK(G+1) Farmhouse in the arms of Lake in Nashik., , The bungalow is having Beautiful scenic view With Swimming Pool, Amphitheatre and Landscape lawn facilities., Location : Igatpuri,Nashik, 25KM away from Ghoti, 175KM from Mumbai., Land Area: 1.25 Acres, Bedroom: 4, Hall, Dinning Area, BathTub, Servant Rooms: 2, Kitchen : 2, And 100 plus fruit plants around., , Contact us in order to see the inside view of Farmhouse., , Farmhouses are used for residential purposes as well as commercial purposes. Renting it out for wedding parties, corporate events, etc. is the current trend.","India, Maharashtra, Nashik",4 Bds - 3 Ba - 2000 ft2,2020-04-30T06:03:14+0000,"₹ 2,60,00,000"
"3 bhk luxury flat with luxury furniture in mohali sec 125 , city heart","Buy your own flat stop living on rent., , SPECIAL LOCKDOWN OFFER , , Price 34.99/- lac only , Booking only 2100/- Rs ( only lockdown offers), , book your dreem home only 11000/- & get benifit  ^6 lakhs^ booking amount Refundable, , 3 bhk fully furnished flats in society  with furniture , We are providing you 24 hours security with watchman and cctv cameras., , Animinities are :-, 1. Double bed with box, 2.Metresses, 3. Lcd pannel with 32         ,      Inch lcd, 4. Wooden cupboards, 5. Fall ceiling work , 6. Modular kitchen , 7. Chimney , 8. Ro, 9. Gyser , 10. Tile work Car parking   facility  , , **No compromise with    quality  . A1  quality product is used , , Hospital,  college,  universities,  schools are nearby.  , 90% loan is  available  , 3.10/-akh govt.  Subcidy , You just have to pay only registry charges , No extra hidden charges like GST,  TLC, PLC","India, Punjab, Mohali",3 Bds - 3 Ba - 1125 ft2,2020-05-19T16:00:14+0000,"₹ 34,00,000"
All individual buildings,We construct all types of buildings with less cost  from 950 - 3200 per square feet,"India, Andhra Pradesh, Rajahmundry",2 Bds - 2 Ba - 1250 ft2,2020-05-19T16:06:31+0000,"₹ 15,00,000"
आपका घर आपके बजट मे,"Description, Sanskar City, , Site address:Near Ashoka Toll Plaza Durg Rajnandgaon  Highway ,Thakurtola, , अविश्वसनीय टाउनशिप जो देती है आपको उत्कृष्ट कनेक्टिविटी |, , १.संस्कार सिटी इंटरनेशनल बिग बोर्डिंग _ स्कूल सिर्फ कुछ ही कदमो की दुरी पर |, , २.जीवन रेखा हास्पिटल _ सिर्फ कुछ मिनटों की दुरी पर |, , ३.मनगटा वन अभ्यारण्य _ सिर्फ 20 मिनटों की दुरी पर |, , ४ .खैरागढ़ संगीत विश्वविद्यालय _ सिर्फ 40 मिनटों की दुरी पर |, , ५ .माँ बम्लेश्वरी देवी मंदिर _ सिर्फ 50 मिनटों की दुरी पर |, , ६.कान्हा किसली राष्ट्रीय उद्यान सिर्फ_3 घंटो की दुरी पर |","India, Chhattisgarh, Rajnandgaon",2 Bds - 2 Ba - 880 ft2,2020-03-13T08:04:27+0000,"₹ 21,00,000"
lodha palava,"Walking distance from metro station on the upcoming Kalyan-Taloja Metro line, , - Just 5 minutes~ from Kalyan-Shil Road (Premiere Colony Ground) through the 6-Lane Central Avenue, , - Just 10 minutes~ to Dombivli station from Kalyan-Shil Road entry, , - Just 15 minutes~ to Nilje station that connects to Diva (Central Line), Panvel (Harbour Line) and Vasai (Western Line), , - 20 minutes~ from Airoli via upcoming Airoli-Katai Naka Freeway through Parsik hills, , - 30 minutes~ from upcoming Navi Mumbai International Airport","India, Maharashtra, Mumbai",1 Bds - 2 Ba - 809 ft2,2020-05-08T05:51:38+0000,"₹ 43,00,000"
*#5BHK-5108 Sqft&Sale in Villa in Neelangarai*#₹ 4 Crore,*#5BHK-5108 Sqft&Sale in Villa in Neelangarai*#₹ 4 Crore,"India, Tamil Nadu, Chennai",4+ Bds - 4+ Ba - 5108 ft2,2020-03-29T11:10:20+0000,"₹ 4,00,00,000"
2 BHK FLAT 1070 SQ. FT 24.50 LAKH ONLY,"FIRST TIME , WADI KHADGAO RAOD, BIGGEST TOWNSHIP 210 PREMIUM FLATS FOR SALE, 2 BHK 1070 SQ. FT, RS 24.50 LAKH ONLY, WITH PRADHAN MANTRI AWAS YOJNA SUBSIDY AVAILABLE 2.67 LAKH, AMENITIES, GATED COLONY, CCTV, SECURITY GUARD, LIFT WITH POWER BACKUP, CHILDREN PLAY AREA, GARDEN, WATER , ELECTRICITY, ROAD , COMMERCIAL SHOP IN TOWNSHIP, LEGAL , MAHA RERA APPROVED , NMRDA APPROVED, DISTANCE, O MILE 12 KM, AMARAVATI NATIONAL HIGH WAY 1.5 KM, DEFENSE GATE 1.5 KM, DELHI PUBLIC SCHOOL 1 KM, MAIN MARKET 1 KM, BANK 1 KM, HOSPITAL 1 KM, 100 PERCENT LAON AVAILABLE, ALL LEADING BANK , REDAY TO MOVE FLATS AVAILABLE","India, Maharashtra, Nagpur",2 Bds - 2 Ba - 1070 ft2,2020-02-22T02:26:57+0000,"₹ 24,50,000"
"3 bhk ready to move flat available for immediate sale in mohali, **","Buy your own flat stop living on rent., , SPECIAL LOCKDOWN OFFER , , book your dreem home only 11000/- & get benifit  ^6 lakhs^ booking amount Refundable, , 3 bhk ready to move flat with fully furnished available for immediate sale in Mohali , ( In gated society), Price 35.90/- lac only , With special lockdown offers and special discount, , We are providing you 24 hours security with watchman and cctv cameras., , Animinities are :-, 1. Double bed with box, 2.Metresses, 3. Lcd pannel with 32         ,      Inch lcd, 4. Wooden cupboards, 5. Fall ceiling work , 6. Modular kitchen , 7. Chimney , 8. Ro, 9. Gyser , 10. Tile work Car parking   facility, , 90% loan is  available  , 3.10/-akh govt.  Subcidy , You just have to pay only registry charges , No extra hidden charges like GST,  TLC, PLC","India, Punjab, Mohali",3 Bds - 3 Ba - 1130 ft2,2020-05-19T16:05:19+0000,"₹ 34,90,000"
(20*40) (4 House) On Sale Near Birla School & Near By Area,"SG PROPERTIES (PURCHASE / SALE) Detials Below., , (1) (Budget-57Lac/Space-800sqft/4Rooms/  5 Lat-Bath/ Kitchen /Car Parking /Duplex /Area-Nehru Nagar), , (2) (Budget-55Lac/ Space-800Sqft/4 Rooms/Modular Kitchen/ Lobby/5 Lat-Bath/Area-Nehru Nagar), , (3) (Budget - 45Lac/ Space- 800Sqft/3 Rooms /Kitchen/2 Lat-Bath/Hall/Area-Near Birla School) (o-129), , (4) (Budget - 35 lac / Space - 2rm/h/k/2lb/drm/single/900 sqft  /Area - jhanwar road), , (SG  Properties)  Purchase  (Land/House/Flat)  (All size & Budget)   All Sectors & Areas  Of Chopasani  HOusing  Board, Pal Road, Near BR birla school,  PF office, AIIMS road , , Contact  for  purchase  of  properties  in  all  sectors  areas  of  pal road, chopasani housing board.  Purchase of flats in all locations of jodhpur. We also deal all sectors and areas in Sardarpura, Shastri Nagar, Ratanada, Paota. Our office address - Chopasani main road, 2nd pulia, near Indian oil petro pump wali gali (SG  PROPERTIES)","India, Rajasthan, Jodhpur",3 Bds - 2 Ba - 850 ft2,2020-03-18T10:44:45+0000,"₹ 55,00,000"
3bhk flat ready to move near sector 20 panchkula . GATED SOCIETY,"3bhk FLAT READY TO MOVE DHAKOLI OLD AMBALA HIGHWAY NEAR SECTOR 20 PANCHKULA . GATED SOCIETY WITH ALL AMENITIES LIKE , POWER BACKUP' GYM' CLUB HOUSE' LIFT' , PARK 'DAILY NEED COMMERCIAL SHOP., 3 BEDROOM EVERY ROOM DOWN CELING WITH LED LIGHT , MODULER KITCHEN WITH CHIMNY","India, Haryana, Panchkula",3 Bds - 3 Ba - 1350 ft2,2020-03-21T06:07:09+0000,"₹ 40,00,000"
In front Dmart Jagatpura,"One floor one flat, Lift available and 24hrs water, Kitchen seprate, Drawing room and dining seprate, Modular kitchen, Construction gurrenty","India, Rajasthan, Jaipur",3 Bds - 3 Ba - 1550 ft2,2020-05-19T16:04:37+0000,"₹ 31,00,000"
NEW 2BHK VILLA AT ANNUR,New  villa and villa plots available at annur to mettupalayam national highway.all are DTCP approved premium villas.five minutes from annur bus stand.easy bank  loan facility available.easy EMI.for mor details contact BEST HOME DEVELOPERS,"India, Tamil Nadu, Coimbatore",2 Bds - 2 Ba - 840 ft2,2020-03-02T08:29:59+0000,"₹ 23,00,000"
4 bhk house and 7 cent plot near edakkad,7 cent. 4 bed room house. Car parking. Compound wall. Good well water,"India, Kerala, Kozhikode",4 Bds - 4 Ba - 1 ft2,2020-05-19T16:03:57+0000,"₹ 60,00,000"
1380 sqft 2 bhk villa in vastum city new garouda near mansarovar yojna,1380 sqft 2 bhk villa in vastum city new garouda near mansarovar yojna near transport nagar near shaheedpath for sale,"India, Uttar Pradesh, Lucknow",2 Bds - 2 Ba - 1400 ft2,2020-03-06T08:05:32+0000,"₹ 47,50,000"
BEAUTIFUL BRAND NEW HOUSE SALE IN PALA TOWN  3 KM GOOD RESIDENTIAL,"10 CENT LAND 1600 SQUARE FEET 3 BEDROOM ATTACHED BATHROOM HOUSE OPEN WELL WATER TAR ROAD HIGHWAY 200 MTR GOOD RESIDENTIAL AREA USED IN HIGH QUALITY MATERIALS FULLY FURNISHED LOAN AVAILABLE PLS CALL OR WATSSAPP IN ANY TIME 8 1 13 02 39, 89 PALA PROPERTIES. SALE OR PURCHASING PLS CALL OR WATSSAPP ME.","India, Kerala, Palai",3 Bds - 3 Ba - 1650 ft2,2020-05-19T16:03:50+0000,"₹ 65,00,000"
12 cent land with 3100 sqft Villa  with for sale at Thrissur -Kattoor,Good condition,"India, Kerala, Kattur",4 Bds - 4+ Ba - 3100 ft2,2020-04-03T16:37:31+0000,"₹ 90,00,000"
BEAUTIFUL/ HOUSE_ SALE IN/ PALA PONKUNNAM HIGHWAY NEAR BUS ROUTE FRONT,"7 CENT LAND 1800 SQUARE FEET 3 BEDROOM ATTACHED BATHROOM HOUSE OPEN WELL WATER TAR ROAD BUS ROUTE NEAR GOOD RESIDENTIAL AREA USED IN HIGH QUALITY MATERIALS FULLY FURNISHED LOAN AVAILABLE PLS CALL OR WATSSAPP IN ANY TIME 8 1 13 02 39, 89 PALA PROPERTIES. SALE OR PURCHASING PLS CALL OR WATSSAPP ME.","India, Kerala, Palai",3 Bds - 3 Ba - 1800 ft2,2020-05-19T16:03:50+0000,"₹ 45,00,000"
BRAND NEW HOUSE SALE IN PALA VAIKOM ROAD NEAR BUS ROUTE,"10 CENT LAND 1850 SQUARE FEET 4 BEDROOM ATTACHED BATHROOM HOUSE OPEN WELL WATER TAR ROAD HIGHWAY 400 MTR GOOD RESIDENTIAL AREA USED IN HIGH QUALITY MATERIALS FULLY FURNISHED LOAN AVAILABLE PLS CALL OR WATSSAPP IN ANY TIME 8 1 13 02 39 ,89 PALA PROPERTIES. SALE OR PURCHASING PLS CALL OR WATSSAPP ME.","India, Kerala, Palai",4 Bds - 4 Ba - 1850 ft2,2020-05-19T16:03:49+0000,"₹ 70,00,000"
4 bhk 2000 sqft 4 cent new build at kakkanad near kangarapady,"4 bhk 2000 sqft new build ready to occupy posh house for sale at kakkanad near kangarapady, , 4 bhk with bath attached, , Home loan available up to 90% , , 4 km away from infopark , , 5 km away from civil station , , 10 km away from palarivattom, , 2 car parking space , , All facilities are very near, , Price negotiable, , Call me for more details, , , 999,5597255","India, Kerala, Kochi",4 Bds - 4 Ba - 2000 ft2,2020-05-19T16:03:48+0000,"₹ 70,00,000"
4 bhk 2000 sqft new build ready to occupy posh at edapally ponekkara,"4 bhk 2000 sqft 4 cent new build teady to occupy posh house for sale at edapally near ponekkara , , 4 bhk with bath attached , , Home loan available up to 90%, , Neat area , , Easy accessable to lulu mall and chengampuzha park , kochi metro etc , , Bed rooms with wardrops and kitchen cupboarrd , , 2 car parking space , , Vasthu based construction , , All facilitties are very near , , Call me for more details , , , 999,5597255","India, Kerala, Kochi",4 Bds - 4 Ba - 2000 ft2,2020-05-19T16:03:48+0000,"₹ 1,15,00,000"
ભાડા જેટલા હપ્તા માં ઘર,સુરત ઓલપાડ રોડ,"India, Gujarat, Surat",4+ Bds - 4+ Ba - 1600 ft2,2020-03-22T08:02:36+0000,"₹ 17,51,000"
3 bhk 1700 sqft gated communitty flatt at aluva kottappuram,"This is a meticulously designed 3 bhk resale apartment located in Aluva, Kochi. It is a freehold property. The flat is a spacious property and is ready to move in. Located in an integrated society of Shwass Builders, it has 3 bathroom(s) and 3 balcony(s). It is a 1-5 year old property, located on the 8th floor. The apartment is approximately priced at Rs. 45 L and its per Sq. Ft. cost is Rs. 2647. 1 open parking is also available., , Call me for more details , , 999,5597255","India, Kerala, Aluva",3 Bds - 3 Ba - 1700 ft2,2020-05-19T16:03:48+0000,"₹ 45,00,000"
4 bhk 1600 sqft new build ready to occupy posh house at varapuzha area,"4 bhk 1600 sqft 4 cent new build ready to ocvupy posh house for sale at varauzha area , , 4 bhk with bath attached , , Home loan available up to 90%, , All bed rooms with wardrops and cupboard work facilitties , , All rooms fan and lites are provided , , Solar for heat water , , Cc tv availabke in this house , , Tar road front , , Vasthu considerd , , Call me for more details , , 999,5597255","India, Kerala, Kochi",4 Bds - 4 Ba - 1600 ft2,2020-05-19T16:03:48+0000,"₹ 60,00,000"
4.25 cent 1450 sqft 3 bhk new build at edapally varapuzha koonammav,"4.25 cent 1450 sqft 3 bhk new build house for sale at edapally varapuzha koonammav , , 3 bhk with bath attached , , Home loan available up to 90%, , All facilitties are very near , , Call me for more details , , , 999,5597255","India, Kerala, Kochi",3 Bds - 3 Ba - 1450 ft2,2020-05-19T16:03:48+0000,"₹ 55,00,000"
4 bhk 1600 sqft new build house at edapally varapuzha NH 300 mtr,"4 bhk 1600 sqft 3.4 cent new build ready to occupy house for sale at edapally varapuzha NH 300 mtr , , 4 bhk with 3 bath attached , 1 common , , , Home loan available up to 90%, , Walkable distance from national highway and bus stop, , All facilitties are very near , , Call me for more details , , , 999,5597255","India, Kerala, Kochi",4 Bds - 4 Ba - 1600 ft2,2020-05-19T16:03:48+0000,"₹ 60,00,000"
"#Hurry,urgent,1 bhk for sale just 35.50 lakh, at sus, premium location","About Property, , Address: Sus , Pune, Maharashtra, , Very close to schools, all grocery shops available in walking distance, pmc bus stands in front of society, club house, swimming pool, ro water treatment, park, children's play area, mountain facing apartment., , Additional details :, , The society has dedicated security guards for every tower., , There is also a separate washroom for domestic help., #Hurry,urgent,1 bhk for sale just 35.50 lakh, at sus, premium location, Full power backup is available., , Daily needs shopping could be done within the society premises to make the stay convinent., , The apartment has borings water supply., , Piped gas facility is available in the property., , Windows CHS is on Very Prime location. Mainroad touch soc., , Have All modern Amenities like, , 1- Play ground, , 2- Gym, , 3- Temple, , 4-swimming pool, , 5-basket ball court, , 6-Party hall, , 7- Pool table room, , 8- seprate childeren area, Good deal,grab asap","India, Maharashtra, Pune",1 Bds - 1 Ba - 710 ft2,2020-05-09T08:38:29+0000,"₹ 35,49,890"
Big - Mega city. Miyapur X roads,"Miyapur X Roads, Apartment flats, 9 32 acres. Gated community., 2,3 BHK flats available., Construction Start from Nov 2020, Possession dec 2022, 22 floors.main road facing.","India, Telangana, Hyderabad",2 Bds - 2 Ba - 1050 ft2,2020-04-15T03:14:40+0000,"₹ 29,00,000"
2BBHK affordable flat,"2BHK Flat Available For Sale in Close to Uttam Nagar West Metro New Delhi – 110059, Property Will Be Registriable & Loanable , Subsidiary under PMAY, Close to Markets, Gyms, Schools, Hospitals and Type of all Facilities., Away From Metro Road – 500 Meters, 24 Hours Available Personal & Sharing Autos, Cabs & E- Rikshaw, REGARDS  ","India, Delhi, Delhi",2 Bds - 2 Ba - 560 ft2,2020-05-19T16:03:23+0000,"₹ 24,50,000"
2bhk flat in Matigara,"A beautiful 2 bhk apartment in matigara, siliguri. The property is a part of dharti residency. It is a property in a promising locality. This well-Designed new property . It is located on the 1st floor. The property ownership is freehold type and has a super built-Up area of 845sq. Ft.","India, West Bengal, Siliguri",2 Bds - 2 Ba - 845 ft2,2020-05-19T16:03:16+0000,"₹ 25,35,000"
4 Bhk independent duplex at 4000000,"It's sample house  4 BHK independent duplex at very reasonable price 4000000 lakh size 1000 sq ft , Plot only 2000 rs /sfit with 85 % loan facility and subsidy also available here,  facility in colony covered campus 30 feet road ,electricity  water., Note 80% bank se loan karvaye location , minal 2 number gate ke Pas Veera the dhaba ke pichhe.","India, Madhya Pradesh, Bhopal",2 Bds - 2 Ba - 1500 ft2,2020-05-19T16:03:02+0000,"₹ 40,00,000"
Premium Flats for sale at Yelahanka Bangalore,"The project is spread over a total area of 1.8 acres of land. The construction is of 5 floors. An accommodation of 126 units has been provided., , Master Classic Residency brochure is also available for easy reference.","India, Karnataka, Bengaluru",2 Bds - 2 Ba - 1035 ft2,2020-05-19T16:02:59+0000,"₹ 51,75,000"
