Title,Address,Description,Price,Agency,Phone,Image
1 bedroom apartment for sale,"Plot 523, Yarn Court at New Mill Quarter, Hackbridge Road, Wallington, WALLINGTON SM6","One bedroom apartment situated on the first floor of Yarn Court. This apartment offers modern, open plan living, just a short walk to the Hackbridge station, ideal for commuters wanting direct access to central London. With a supermarket, proposed café within easy reach, this is an ideal purchase...","£313,995",Barratt London - New Mill Quarter,020 8022 3648,https://media.onthemarket.com/properties/8338872/1298817374/composite.jpg
3 bedroom terraced house for sale,"Shawfield Street, London, SW3","A 3 bedroom house for sale in SW3.

A beautifully presented three bedroom period house, with a roof terrace and private garden, in a desirable location just off the King's Road. 

The house offers a generous open plan reception room/dining room/kitchen with exposed beams and wooden flo...","£3,995,000",Knight Frank - Knightsbridge,020 8022 6882,https://media.onthemarket.com/properties/8628743/1298954867/composite.jpg
1 bedroom flat for sale,"Owen Street, Angel",A fantastic one bedroom apartment for sale on the second floor of this modern development. The property benefits from a private balcony overlooking the internal communal gardens.,"£575,000",Kinleigh Folkard & Hayward - Clerkenwell Sales,020 8033 2471,https://media.onthemarket.com/properties/8628696/1298954080/composite.jpg
4 bedroom semi-detached house for sale,"Five Oaks Mews, Bromley",A beautifully presented modern family home set within a gated development close to excellent schools and Grove Park Station.,"£600,000",Kinleigh Folkard & Hayward - Bromley Sales,020 8033 2480,https://media.onthemarket.com/properties/8628695/1298954067/composite.jpg
1 bedroom flat for sale,"Kingsland Road, Shoreditch, London, E2","A westerly facing first floor one bedroom apartment which has high ceilings, large windows, and situated in a convenient location providing easy access to Shoreditch’s renowned and buzzing nightlife.  Cleverly designed the apartment features open living, a sleeping area and shower room. The flat...","£440,000",Knight Frank - Aldgate,020 8022 3905,https://media.onthemarket.com/properties/8628671/1298953397/composite.jpg
1 bedroom flat for sale,"Kingsland Road, Bethnal Green, London, E2","A character filled,  top floor one bedroom apartment close to Hoxton Square and a number of Shoreditch's bars and restaurants.  A west facing , second floor one bedroom apartment which has access  to a large  decked roof terrace. The apartment offers plenty of charm to include exposed brick...","£490,000",Knight Frank - Aldgate,020 8022 3905,https://media.onthemarket.com/properties/8628665/1298953210/composite.jpg
2 bedroom flat for sale,"Langthorne Street, Fulham","Offered in good order throughout this two double bedroom split level apartment further benefits from a good size kitchen breakfast room, two bathrooms, a private balcony and good storage.","£835,000",Kinleigh Folkard & Hayward - Fulham Sales,020 8033 2464,https://media.onthemarket.com/properties/8628617/1298952227/composite.jpg
6 bedroom semi-detached house for sale,"St. James's Drive, London, SW17","A fantastic, well-proportioned 6 bedroom house with generous entertaining space, newly converted basement with large living room and off street parking for two cars.  The delightful hallway leads to an exceptional double drawing room with two bay windows. This flows through a bright open plan...","£2,950,000",Knight Frank - Wandsworth,020 8022 6767,https://media.onthemarket.com/properties/8628439/1298954758/composite.jpg
6 bedroom flat for sale,"St. Stephens Close, Avenue Road, St. John's Wood, London, NW8","A unique lateral apartment set within a prestigious secluded development, accessed via a private road leading off one of St John’s Wood premier roads, Avenue Road.",,Savills - St John's Wood & Regent's Park,020 8022 7387,https://media.onthemarket.com/properties/8626734/1298906532/composite.jpg
5 bedroom terraced house for sale,"Kent Terrace, Regent's Park, London, NW1",Magnificent Grade II* Listed residence designed by Sir John Nash,"£7,500,000",Savills - St John's Wood & Regent's Park,020 8022 7387,https://media.onthemarket.com/properties/8626733/1298906531/composite.jpg
6 bedroom semi-detached house for sale,"Westbridge Road, Battersea Park, London, SW11","An extremely rare opportunity to acquire a sensational, semi detached, six bedroom family house; finished to the highest specification with interior design and fitted cabinetry by Linley.","£5,250,000",Savills - Battersea Park,020 8022 7406,https://media.onthemarket.com/properties/3631873/1298906180/composite.jpg
2 bedroom flat for sale,"Harland House, 30-34 Woodfield Place, London, W9",Stylishly presented two bedroom flat in a modern development within walking distance of Portobello Market.,"£750,000",Savills - Maida Vale & Little Venice,020 8022 0755,https://media.onthemarket.com/properties/8626705/1298938231/composite.jpg
2 bedroom flat for sale,"Westbourne Terrace, London, W2",A classic first floor flat with fantastic proportions and a private terrace,"£1,450,000",Savills - Notting Hill,020 8022 6946,https://media.onthemarket.com/properties/8626697/1298905765/composite.jpg
5 bedroom character property for sale,"Salem Road, London, W2","The former site of Phillips Auction House, this incredible conversion designed by Kelly Hoppen has to be seen to be believed.","£12,500,000",Savills - Notting Hill,020 8022 6946,https://media.onthemarket.com/properties/8626696/1298905764/composite.jpg
7 bedroom character property for sale,"Old Park Ride, Waltham Cross, Hertfordshire, EN7",A beautifully presented Grade II listed Queen Anne home at the heart of a historic estate,"£2,950,000",Savills - Bishop's Stortford,01279 246720,https://media.onthemarket.com/properties/8626691/1298905455/composite.jpg
4 bedroom end of terrace house for sale,"Manchuria Road, London, SW11","A fantastic four bedroom end-of-terrace house, with a South-facing garden, located on a popular road in Clapham.","£1,799,000",Savills - Northcote Road,020 8022 7407,https://media.onthemarket.com/properties/8626683/1298905289/composite.jpg
3 bedroom flat for sale,"Collingham Gardens, London","A beautiful three-bedroom raised ground floor maisonette, arranged over two floors with high ceilings throughout plus access to communal gardens, found at the most desirable part of Collingham Gardens. Share of Freehold.","£1,850,000",Strutt & Parker - London South Kensington,020 8022 3066,https://media.onthemarket.com/properties/6706584/1298898891/composite.jpg
1 bedroom flat for sale,"Joubert Street, Battersea",An immaculately presented first floor maisonette set on a leafy residential street and within easy reach of both Battersea Park and Clapham Junction Stations.,"£499,950",Kinleigh Folkard & Hayward - Battersea Park Sales,020 8033 2487,https://media.onthemarket.com/properties/8626034/1298888727/composite.jpg
5 bedroom detached house for sale,"Canbury Avenue, Kingston upon Thames, Surrey, KT2",A beautiful five bedroom detached family house in Kingston.,"£1,250,000",Savills - Wimbledon,020 8022 6587,https://media.onthemarket.com/properties/8625916/1298886884/composite.jpg
4 bedroom end of terrace house for sale,"Newstead Way, London, SW19","A spacious family house near Wimbledon Village, Common and the AELTC.","£1,550,000",Savills - Wimbledon,020 8022 6587,https://media.onthemarket.com/properties/8625915/1298886861/composite.jpg
5 bedroom terraced house for sale,"Worple Road, Wimbledon, London, SW20","A superb five bedroom period house with a beautiful open plan kitchen/dining room, impressive garden and off-street parking, located approx 500m to the mainline station.","£1,350,000",Savills - Wimbledon,020 8022 6587,https://media.onthemarket.com/properties/8625914/1298886859/composite.jpg
3 bedroom maisonette for sale,"Stratford Road, London, W8","A well-presented & Bright three bedroom, two bathroom contemporary duplex apartment in a white stucco-fronted period building in the sought after Stratford Village","£1,750,000",Savills - Kensington,020 8022 7347,https://media.onthemarket.com/properties/8625898/1298886349/composite.jpg
1 bedroom flat for sale,"Battersea Rise, Battersea",This impressive one bedroom apartment is situated in a modern development moments from the fashionable shops and restaurants of Northcote Road offered to the market with no onward chain.,"£499,950",Kinleigh Folkard & Hayward - Battersea Sales,020 8033 2488,https://media.onthemarket.com/properties/8625894/1298886146/composite.jpg
1 bedroom flat for sale,"Durnsford Road, Wimbledon","A 1 double bedroom period conversion flat amassing 504Sq Ft, located on the first floor. With Modern Kitchen and Bathrooms and presented in excellent order throughout.","£400,000",Kinleigh Folkard & Hayward - Southfields Sales,020 8033 2449,https://media.onthemarket.com/properties/8625609/1298878101/composite.jpg
2 bedroom flat for sale,"Mapes House,  Winchester Avenue, London, NW6","A 2 bedroom flat for sale in Queen's Park, NW6  A light and spacious two-bedroom duplex apartment with private balconies and set within this purpose built development.  This property consists of a separate kitchen and sizeable reception area, bathed in natural light, thanks to full height glass...","£365,000",Knight Frank - Queens Park,020 8022 5841,https://media.onthemarket.com/properties/8587191/1298800383/composite.jpg
4 bedroom flat for sale,"Weydown Close, Southfields","A rarely available 4 bedroom, 2 bathroom top floor apartment with enviable south westerly views across Wimbledon Park and easy access to Southfields Village with its array of shops and tube.","£450,000",Kinleigh Folkard & Hayward - Southfields Sales,020 8033 2449,https://media.onthemarket.com/properties/8625608/1298878091/composite.jpg
2 bedroom flat for sale,"Denmark Hill Estate, Dulwich","A well presented two double bedroom apartment set on the second floor of a popular purpose built block. Denmark Hill Station offers easy access to Blackfriars, Clapham Junction and Victoria.","£450,000",Kinleigh Folkard & Hayward - Dulwich Village,020 8022 7083,https://media.onthemarket.com/properties/8625504/1298876540/composite.jpg
2 bedroom flat for sale,"Priory Crescent, Crystal Palace","Set within a quiet cul de sac close to an array of local amenities, green space and an outstanding School is this charming two bedroom apartment well presented throughout. The property boasts a spacious reception room, off street parking and access to a communal garden.","£325,000",Kinleigh Folkard & Hayward - Crystal Palace Sales,020 8033 2470,https://media.onthemarket.com/properties/8625503/1298876531/composite.jpg
3 bedroom maisonette for sale,"Guilford Street, Bloomsbury, London, WC1N","3 Bedroom duplex apartment for sale in Bloomsbury  A rare, Grade II listed, spacious,  three bedroom duplex apartment with access to a private garden. Apartment 1 is part of the 81 Guilford Street development, located on the ground floor of a beautiful period conversion with high quality fittings...","£1,800,000",Knight Frank - Marylebone,020 8022 7410,https://media.onthemarket.com/properties/8625388/1298875076/composite.jpg
4 bedroom terraced house for sale,"St. Pauls Road, London, N1","A wonderful four bedroom Grade II listed townhouse with a deep rear garden in the heart of the Canonbury conservation area.  Beautifully presented throughout, the property retains a host of period features including stripped and polished wooden floors, ceiling cornices and fireplaces.   Arranged...","£1,650,000",Knight Frank - Islington,020 8022 7427,https://media.onthemarket.com/properties/8625387/1298949604/composite.jpg
6 bedroom terraced house for sale,"Beckwith Road, North Dulwich London SE24","Five / six bedroom Victorian family home in the North Dulwich Triangle EPC:E  This beautiful five/six bedroom Victorian family home has been lovingly restored and beautifully decorated throughout.   Bay windows, cornicing, centre roses, original fireplaces and other period features have been...","£1,900,000",Knight Frank - Dulwich Village,020 8022 4617,https://media.onthemarket.com/properties/8625315/1298914055/composite.jpg
2 bedroom flat for sale,"Doulton House, 11 Park Street, London, SW6","A stylish 2 bedroom apartment for sale in Chelsea Creek, SW6.  This is a beautifully appointed 2 bedroom, two bathroom flat in Chelsea Creek. The apartment is bright and spacious. There are floor to ceiling windows throughout the apartment allowing an abundance of light to fill the room.   The...","£875,000",Knight Frank - Battersea & Riverside,020 8022 7422,https://media.onthemarket.com/properties/8625262/1298871716/composite.jpg
6 bedroom detached house for sale,"Cator Road, Sydenham London SE26","Substantial 6 bedroom double fronted house

A most attractive, large, detached family house in this highly regarded street offering spacious, well planned and well-presented accommodation with a superb west-facing garden.

EPC rating: D

This substantial and elegant family home is situated on ...","£2,000,000",Knight Frank - Dulwich Village,020 8022 4617,https://media.onthemarket.com/properties/3279922/1298871719/composite.jpg
3 bedroom end of terrace house for sale,"Hampden Way, Southgate","A three bedroom semi detached house with garage, offering wonderful living space, ideally located for access to Ashmole school and situated 0.8 miles to Southgate Underground station.","£650,000",Kinleigh Folkard & Hayward - Southgate,020 8022 6526,https://media.onthemarket.com/properties/8625249/1298871315/composite.jpg
4 bedroom terraced house for sale,"Glengall Road, Queen's Park, London, NW6","A beautiful 4 bedroom house for sale in Queen's Park, NW6  An immaculate family home that has been renovated and maintained throughout to a very high standard. EPC:   This bright four bedroom home offers in excess of 1,600 sq ft of accommodation, and seamlessly combines beautiful modern interiors...","£1,500,000",Knight Frank - Queens Park,020 8022 5841,https://media.onthemarket.com/properties/8624854/1298864620/composite.jpg
1 bedroom flat for sale,"Empire House, Thurloe Place, London","Offering good ceiling heights and a large gross internal area, this brilliant one-bedroom flat could be arranged as a two-bedroom, and is found in one of South Kensington’s most prestigious traditional portered buildings. Long leasehold.","£1,750,000",Strutt & Parker - London South Kensington,020 8022 3066,https://media.onthemarket.com/properties/8624723/1298853297/composite.jpg
2 bedroom flat for sale,"Brook Drive, Kennington",Rare opportunity to acquire this  resplendent Victorian conversion flat. Tastefully fusing period character and charm throughout with a contemporary and elegant finish for modern living.,"£700,000",Kinleigh Folkard & Hayward - Kennington Sales,020 8033 2458,https://media.onthemarket.com/properties/8624604/1298850951/composite.jpg
1 bedroom flat for sale,"Poets Road, Newington Green, London N5",Within an attractive 3 storey Victorian bay fronted terraced house. An extremely spacious (653 sq/ft) one bedroom lower ground floor flat having the benefit of its own private entrance and a 50ft rear garden.  Poets Road is located just off Petherton Road. Good shops and transport facilities...,"£550,000",Daniel Rose Residential - Islington,020 8033 9875,https://media.onthemarket.com/properties/8628917/1298958719/image-0-480x320.jpg
2 bedroom flat for sale,"Camelot House, Camden Park Road, London",A spacious and wonderfully bright two double bedroom maisonette with far reaching views.Leasehold,"£450,000",Chestertons - Camden,020 8022 7201,https://media.onthemarket.com/properties/5704752/1298958554/image-0-480x320.jpg
3 bedroom end of terrace house for sale,"Glenview, Upper Abbey Wood, London, SE2 0SQ","Chain Free * Three Bedroom End Terraced Family Home * Sought After Location * Off Road Parking * Garage to Rear * Two Reception Rooms * Well Stocked Rear Garden * Close to Bedonwell Primary School, Bostall Heath and Lesnes Woods *","£385,000",Hunters - Abbey Wood,020 8033 9226,https://media.onthemarket.com/properties/8230064/1286267009/image-0-480x320.jpg
2 bedroom flat for sale,"Whitehorse Road, Thornton Heath, Surrey, CR7","Offered for sale with no onward chain is this first floor flat benefiting from a new extended lease.The accommodation comprises two bedrooms with large internal hallway on the ground and first floor with a kitchen/dining room, bathroom/WC and lounge/reception room to the front.","£219,950",Hyde & Rowe - South Croydon,020 8115 8460,https://media.onthemarket.com/properties/8136085/1298958427/image-0-480x320.jpg
3 bedroom end of terrace house for sale,"Warwick Drive, Putney, London","AVAILABLE FOR VIDEO TOUR CALL OR EMAIL US. This well-located end of terrace family home benefits from almost 1,500 sq. ft. of accommodation, as well a wider than average rear garden and private garage.Freehold","£875,000",Chestertons - Putney,020 8022 7067,https://media.onthemarket.com/properties/8179598/1297467464/image-0-480x320.jpg
5 bedroom house for sale,"High Holborn, Holborn, Bloomsbury, London","This Grade II Listed Georgian house with fascinating period features is situated in the eclectic and trendy Covent Garden District of London. With large and sophisticated rooms, there is ample space for entertaining.Leasehold","£2,900,000",Chestertons - Covent Garden,020 8022 7382,https://media.onthemarket.com/properties/4389299/1298958421/image-0-480x320.jpg
3 bedroom semi-detached house for sale,"Westlake Close, Hayes, Middlesex, UB4","Offered to the market chain free and situated on a quiet cul-de-sac, this well presented and extended semi-detached home offers three bedrooms, two reception rooms, a downstairs W/C and its own driveway.   The ground floor comprises a reception room, family room, cloakroom, office/bedroom and a...","£430,000",Gibbs Gillespie - Uxbridge,01895 754905,https://media.onthemarket.com/properties/8267741/1287528365/image-0-480x320.jpg
2 bedroom flat for sale,"Highbury Park, Highbury, London","A stunning 2 bedroom flat positioned on the 1st floor of this charming stucco fronted Georgian mid terraced house set within this Grade II listed terrace right in the very heart of Highbury, moments from Highbury Barn and greenery of Highbury Fields.Share of Freehold","£750,000",Chestertons - Islington,020 8022 7245,https://media.onthemarket.com/properties/8628874/1298957826/image-0-480x320.jpg
2 bedroom flat for sale,"The Landau, 72 Farm Lane, West Brompton, London","A sensational duplex apartment extending to approx 1353 sq ft (125 sq m) set within this prestigious development with 24 hour concierge, secure parking & Gym facilities  and nestled between West Brompton & Fulham Broadway stations.Leasehold","£1,199,999",Chestertons - Fulham Road,020 8022 7267,https://media.onthemarket.com/properties/7743646/1289001967/image-0-480x320.jpg
10 bedroom detached house for sale,"Arthur Road, Wimbledon, SW19",A really substantial Edwardian detached house conveniently situated in this favoured residential road between Wimbledon Village and Wimbledon Park,"£4,350,000",Robert Holmes & Company - Wimbledon Village,020 8033 9596,https://media.onthemarket.com/properties/8628865/1298957760/image-0-480x320.jpg
2 bedroom maisonette for sale,"Brighton Road, Purley, Surrey, CR8","A first floor maisonette in this semi-detached house, offered for sale in very good condition throughout and conveniently positioned to take advantage of local transport links benefitting from parking for two vehicles and a private garden.The accommodation comprises two double bedrooms with...","£285,000",Hyde & Rowe - South Croydon,020 8115 8460,https://media.onthemarket.com/properties/8171571/1298957751/image-0-480x320.jpg
4 bedroom detached house for sale,"Gayton Road, London, NW3","A four bedroom townhouse in Hampstead Village

A four bedroom terraced house in the heart of Hampstead Village. This fantastic townhouse extends to approx. 1,933 sq ft and is currently arranged as two flats over 5 floors and benefits from a rear patio garden.

Currently set out as two maisonettes...","£2,500,000",Knight Frank - Hampstead,020 8022 7297,https://media.onthemarket.com/properties/8222692/1298920788/composite.jpg
1 bedroom apartment for sale,"Duckett Road, Harringay, London, N4",Compact one double bedroom period conversion arranged over the ground floor of an attractive and well maintained Victorian terrace. This delightful period flat offers 31.6 Sq. M and is positioned on a sought after road on the Harringay 'Ladder'. The property is sold with the share of Freehold and...,"£260,000",Paul Simon - Harringay,020 8033 9845,https://media.onthemarket.com/properties/6309689/1285783315/image-0-480x320.jpg
3 bedroom detached house for sale,"South View Road, Pinner Hill, Pinner, Middlesex HA5",VIDEO TOUR AVAILABLE PLEASE CONTACT US FOR FURTHER DETAILS  A charming three bedroom detached family home set on Pinner Hill's prestigious private gated estate with a rich history being one of the gate houses to what now is Pinner Hill Golf Club.  The property comprises an entrance porch which...,"£1,150,000",Robsons - Pinner,020 8115 0921,https://media.onthemarket.com/properties/8628856/1298957710/image-0-480x320.jpg
3 bedroom flat for sale,"Olney Road, Walworth",This larger than average three bedroom duplex apartment is offered to market in great condition. Exceptionally located for transport links and local amenities just a short stroll away.,"£425,000",Kinleigh Folkard & Hayward - Kennington Sales,020 8033 2458,https://media.onthemarket.com/properties/7933408/1278302525/image-0-480x320.jpg
4 bedroom terraced house for sale,"Maple Road, Anerley","A charming four bedroom family home positioned close to an array of local amenities schools and transport links. The property is offered with no onward chain and boasts a large kitchen/diner, a spacious through lounge and a good size rear garden. 
","£550,000",Kinleigh Folkard & Hayward - Crystal Palace Sales,020 8033 2470,https://media.onthemarket.com/properties/8400097/1291178121/image-0-480x320.jpg
2 bedroom flat for sale,"Firstway, Raynes Park","A fantastic two double bedroom split level conversion located on a quiet residential road in the heart of Raynes Park only moments from the train station and amenities.
","£499,950",Kinleigh Folkard & Hayward - Raynes Park Sales,020 8033 2450,https://media.onthemarket.com/properties/7853668/1276541110/image-0-480x320.jpg
6 bedroom detached house for sale,"The Bishops Avenue, Hampstead, N2","Set in beautiful grounds is this six bedroom, five reception, six bathroom detached two storey period house with off street parking and a garage","£10,000,000",Chancellors - Hampstead Sales,020 8115 7396,https://media.onthemarket.com/properties/8320484/1298955956/image-0-480x320.jpg
3 bedroom detached house for sale,"Norman Crescent, Pinner, Middlesex, HA5","Set on a peaceful road close to amenities, this detached house offers neat interiors with potential to update and extend STPP.The property briefly comprises an entrance hallway, WC and a kitchen with fitted units and access to the garden. Completing the ground floor is the spacious...","£750,000",Gibbs Gillespie - Pinner Sales,020 8033 9914,https://media.onthemarket.com/properties/8486305/1293267844/image-0-480x320.jpg
3 bedroom terraced house for sale,"Park View, Chigwell, Essex","This is an ideal opportunity to buy this recently built terraced house if you missed out first time round! It is beautifully presented, has lovely views to the front and is in a gated community.","£575,000",Douglas Allen - Chigwell,020 8128 9427,https://media.onthemarket.com/properties/7728315/1271261614/image-0-480x320.jpg
3 bedroom semi-detached house for sale,"Bonchurch Road, London, W10","A modern townhouse in the heart of Notting Hill, W10  Beautifully interior designed by its current owners, this sunny end-of terrace town house is situated in the Portobello Square development; a peaceful and secure neighborhood just tucked behind the fashionable Golborne Road and world famous...","£1,900,000",Knight Frank - Notting Hill,020 8022 7172,https://media.onthemarket.com/properties/8628792/1298955801/image-0-480x320.jpg
3 bedroom house for sale,"Brentham Way, Brentham Garden Estate, Pitshanger Lane area, Ealing","Arranged on two floors, a beautifully-appointed Edwardian character property benefiting from ""The Orchard Garden"" and well established rear garden.  The property is available with no onward chain.","£949,950",Grimshaw & Co - Ealing,020 8115 2421,https://media.onthemarket.com/properties/8628750/1298955565/image-0-480x320.jpg
4 bedroom terraced house for sale,"122 Farmer Road, London, E10","A charming brick-fronted, four bedroom Victorian mid-terrace house, with loft conversion and spread over three floors. The house boasts a 290 square foot open plan lounge/diner and two minutes walk to Leyton Midland Road overground station (Barking line). Change to Victoria line at Blackhorse...","£575,000",99home - Wembley,020 8033 0770,https://media.onthemarket.com/properties/8628751/1298955188/image-0-480x320.jpg
4 bedroom semi-detached house for sale,"The Charter Road, Woodford Green, Essex","Buyers Fees apply - see brochure for details. Chain Free! For sale by Modern Method of Auction: Starting bid price £835,000 plus reservation fee. Large plot with the potential to extend, subject the planning permissions, and views stretching across Highams Park.","£800,000",Douglas Allen - Woodford Green,020 8022 3073,https://media.onthemarket.com/properties/8555743/1296550517/image-0-480x320.jpg
3 bedroom end of terrace house for sale,"Beverley Road, New Malden","IN NEED OF REFURBISHMENT - a great size, three bedroom end terrace house within the catchment for Burlington School. Scope to extend (STPP) West facing garden and PARKING...","£500,000",Groves Residential - New Malden,020 8115 3176,https://media.onthemarket.com/properties/8385128/1298954786/image-0-480x320.jpg
4 bedroom semi-detached house for sale,Four Bedroom House For Sale,Heaven properties present a Four Bedroom Family home on the Mitcham/Streatham Vale borders.,"£575,000",Heaven Properties - Norbury,020 8022 7282,https://media.onthemarket.com/properties/8476800/1298916793/composite.jpg
5 bedroom detached house for sale,"St. Margarets Drive, Twickenham, TW1","A detached 5 bedroom detached house with  large garden and off street parking.  Owing to our commitment to keep both our colleagues and clients safe during this period of recommended isolation, we have many self-serve viewing options available to you. These include video walkthroughs, 360 virtual...","£1,775,000",Knight Frank - Richmond,020 8022 6549,https://media.onthemarket.com/properties/8602405/1298763812/composite.jpg
2 bedroom flat for sale,"73 Friern Road, East Dulwich","Wow factor of an apartment, this two double bedroom flat arranged over three levels, has an exceptional finish, an added en suite, abundant natural light and spectacular views. A fantastic property in a superb East Dulwich location. Call haart to view","£625,000",haart Estate Agents - Dulwich,020 8022 7082,https://media.onthemarket.com/properties/3754287/1291445601/image-0-480x320.jpg
3 bedroom end of terrace house for sale,"Brockenhurst Way, London, SW16","Gordon & Co Norbury are proud to present this fully modernised 3 bedroom end of terraced house with off street parking. Recently renovated by the current owner, with further scope to extend in to the loft subject to the usual permissions.","£484,950",Gordon & Co - Norbury,020 8022 6761,https://media.onthemarket.com/properties/8628728/1298954699/image-0-480x320.jpg
3 bedroom end of terrace house for sale,"Becmead Avenue, Kenton, HA3 8HD","An extended and versatile, 'Nash' built three/four bedroom end of terrace house situated within a sought after and rarely available residential road in Kenton. The property comprises ; two large reception rooms, spacious L- shape kitchen/diner, utility room, guest cloakroom, study/bedroom four,...","£669,950","Salter McGuinness - Harrow, Kenton Road",020 8022 6547,https://media.onthemarket.com/properties/8628399/1298947863/image-0-480x320.jpg
5 bedroom terraced house for sale,"Fairmount Road, SW2","A beautiful example of a five double bedroom, three bathroom Victorian terrace house situated on this quiet residential road close by to the green open spaces of Brockwell Park. The heart of Brixton is a short walk with it's wealth of shops, bars, restaurants and public transport. 

This house..","£1,375,000",Douglas & Gordon - Clapham,020 8022 6757,https://media.onthemarket.com/properties/8628686/1298953750/image-0-480x320.jpg
2 bedroom flat for sale,"Limes Gardens, SW18","An elegant and light two double bedroom, first floor flat, positioned within a well-maintained mansion block. The property is well presented throughout and offers a large, dual aspect reception room with period fire place and a separate kitchen. The spacious master bedroom is also dual aspect and..","£480,000",Douglas & Gordon - Southfields & Earlsfield,020 8022 6866,https://media.onthemarket.com/properties/8365030/1289825441/image-0-480x320.jpg
1 bedroom apartment for sale,"Wightman Road, Harringay, London, N4","Guide Price £375,000 - £400,000Paul Simon market For Sale this stunning development which has been converted to create three exceptional apartments within a three storey brick fronted building. This truly tasteful top floor one bedroom apartment is conveniently positioned moments from Harringay...","£375,000",Paul Simon - Harringay,020 8033 9845,https://media.onthemarket.com/properties/8628724/1298954631/image-0-480x320.jpg
2 bedroom apartment for sale,"Wightman Road, Harringay, London, N4","Guide Price £440,000 - £450,000 Paul Simon market For Sale this stunning development which has been converted to create three exceptional apartments within a three storey brick fronted building.  This elegant two bedroom first floor apartment is conveniently positioned moments from Harringay BR...","£440,000",Paul Simon - Harringay,020 8033 9845,https://media.onthemarket.com/properties/8628715/1298954493/image-0-480x320.jpg
1 bedroom flat for sale,"Elspeth Road, Battersea, SW11",Samuel estates is proud to present this large one double bedroom apartment positioned on the corner of Elspeth Road. ,"£340,000",Samuel Estates - Streatham,020 8033 8931,https://media.onthemarket.com/properties/8290826/1288048813/image-0-480x320.jpg
1 bedroom flat for sale,"Lordship Lane, London SE22","This bright, garden apartment is positioned on the ground floor of a late-Victorian townhouse on Lordship Lane, in south-east London. Nestled between East Dulwich, Dulwich Village and Forest Hill, Lordship Lane is perfectly positioned for a wide range of independent shops, cafes and restaurants,...","£360,000",The Modern House - London,020 3641 1690,https://media.onthemarket.com/properties/8628383/1298947248/image-0-480x320.jpg
5 bedroom detached house for sale,"Berens Way, Chislehurst","Located in the popular Marlings Park area of Chislehurst, a five bedroom detached house set on a large plot and offering over 2700 sq ft of accommodation. Scope to extend and improve STPP","£995,000",Kinleigh Folkard & Hayward - Chislehurst Sales,020 8022 7072,https://media.onthemarket.com/properties/8207283/1292244521/image-0-480x320.jpg
3 bedroom terraced house for sale,"Penbury Road, Southall, UB2","Three bedroom house for sale in Southall with no upper chain. The property benefits from two reception rooms, separate kitchen, rear garden and gas central heating.","£385,000",Ellis & Co - Wembley,020 8022 6541,https://media.onthemarket.com/properties/8298692/1294683133/image-0-480x320.jpg
3 bedroom terraced house for sale,"Penbury Road, Southall, UB2","Three bedroom house for sale in Southall with no upper chain. The property benefits from two reception rooms, separate kitchen, rear garden and gas central heating.","£385,000",Ellis & Co - Greenford,020 8033 7337,https://media.onthemarket.com/properties/8296311/1294683080/image-0-480x320.jpg
2 bedroom apartment for sale,"Wightman Road, Harringay, London, N4","Guide Price £490,000 - £500,000 Paul Simon market For Sale this stunning development which has been converted to create three exceptional apartments within a three storey brick fronted building.  The ground floor apartment comprises of two bedrooms and own private courtyard garden. As you enter...","£490,000",Paul Simon - Harringay,020 8033 9845,https://media.onthemarket.com/properties/8628709/1298954429/image-0-480x320.jpg
3 bedroom flat for sale,"Olive Road, Cricklewood, NW2","3 bedroom ground floor garden flat in a Victorian terraced house in Willesden Green, NW2. The flat is within a 10 minute walk of Willesden Green 24 hour Jubilee Line station and Cricklewood Thameslink station for fast access to central London making this an ideal property for commuters. Offered...","£550,000",Mapesbury Estate Agents - Willesden Green,020 8115 1535,https://media.onthemarket.com/properties/8628708/1298954424/image-0-480x320.jpg
2 bedroom flat for sale,"Newington Causeway, Elephant & Castle","Set within the popular Metro Central Heights development, this two bedroom two bathroom apartment is located on the third floor, benefitting from 24 hr concierge, residents' gym and pool.","£475,000",Kinleigh Folkard & Hayward - London Bridge Sales,020 8033 2456,https://media.onthemarket.com/properties/8183417/1289686080/image-0-480x320.jpg
1 bedroom maisonette for sale,"Packington Street, Islington",A bright and spacious 581 sq ft period conversion flat presented in good condition throughout on a sought after road in Islington.,"£500,000",Kinleigh Folkard & Hayward - Islington Sales,020 8033 2459,https://media.onthemarket.com/properties/8022019/1282075051/image-0-480x320.jpg
4 bedroom detached house for sale,"Thornhill Road, Ickenham, UB10",CHAIN FREE - Orchard Property Services are delighted to market this imposing and impressive four bedroom detached house situated in a prestigious location of Ickenham. ,"£899,950",Orchard Property Services - Ickenham,01895 754915,https://media.onthemarket.com/properties/8628346/1298946379/image-0-480x320.jpg
2 bedroom flat for sale,"Belsize Park Gardens, London, NW3",A 2 bedroom raised ground floor flat for sale on Belsize Park Gardens NW3.  A newly refurbished 2 bedroom raised ground floor apartment with a balcony forming part of an imposing stucco fronted Victorian residence with a large communal garden.  This outstanding property has been refurbished to a...,"£1,050,000",Knight Frank - Belsize Park,020 8022 6175,https://media.onthemarket.com/properties/3238996/1298946097/image-0-480x320.jpg
3 bedroom house for sale,"Bromley Road, London, N18","Knights are delighted to offer to the market this THREE BEDROOM HOUSE, situated on one of the most prestigious roads in Edmonton. This unique property is in need of modernisation throughout, granting you the opportunity to add your own personal touch. The property comprises of THREE BEDROOMS, TWO...","£410,000",Knights Residential - Edmonton,020 8115 1209,https://media.onthemarket.com/properties/8628342/1298946058/image-0-480x320.jpg
2 bedroom terraced house for sale,"Godstone Road, Whyteleafe, Surrey","Video walk around available, contact branch for details. A great chance to buy a character terraced home which gives you the opportunity to start with a blank canvas. In a great location and close to good transport links this is not to be missed.","£325,000",Cubitt & West - Caterham,01883 410966,https://media.onthemarket.com/properties/8628308/1298945161/image-0-480x320.jpg
3 bedroom flat for sale,"Ironmonger Row, Shoreditch, London, EC1V","An architecturally designed penthouse apartment with share of freehold, moments from Old Street. ","£1,980,000",Fyfe Mcdade - London,020 8022 6893,https://media.onthemarket.com/properties/7466202/1287864822/image-0-480x320.jpg
2 bedroom flat for sale,"Chewton Road, Walthamstow, London, E17","Feeling lucky? You will be to see this property before it leaves the market! You'll be living in one of Walthamstow's most exciting new neighbourhoods; Blackhorse Village which was recently part-pedestrianised to create a calmer, more peaceful village feel. This first floor flat boasts two double...","£500,000",Central Estates - Walthamstow,020 8022 6340,https://media.onthemarket.com/properties/8628642/1298952877/image-0-480x320.jpg
4 bedroom semi-detached house for sale,"Hayes Road, Bromley",This delightful halls adjoining semi-detached Edwardian family has been lovingly maintained by the current vendors and is packed with original features and has an amazing 137ft garden.,"£900,000",Kinleigh Folkard & Hayward - Bromley Sales,020 8033 2480,https://media.onthemarket.com/properties/8349514/1295369978/image-0-480x320.jpg
5 bedroom semi-detached house for sale,"Marlands Road, Clayhall, Essex IG5","GUIDE PRICE: £850,000-£899,000. A FULLY REFURBISHED & MODERNISED 5/6 BEDROOM SEMI-DETACHED CORNER HOUSE. SITUATED WITHIN THE BEAL & PARKHILL SCHOOL CATCHMENT AREA.BENEFITS INCLUDE:- GRANITE FITTED KITCHEN/DINER 27' X 22'6 MAX.N.B. ALSO AVAILABLE IS A SMALL PLOT OF LAND AT THE REAR, AT AN EXTRA...","£850,000",Silver Service Property - Gants Hill,020 8115 1339,https://media.onthemarket.com/properties/8628298/1298944423/image-0-480x320.jpg
3 bedroom apartment for sale,"Plot 226, Castle Street at Upton Gardens, 1 Academy House, Thunderer Street, LONDON E13","This dual aspect three-bedroom apartment features a large open plan living/dining area and kitchen on the ground floor, with direct access to a garden. All three double bedrooms are situated on the first floor, the master comes with an en suite and there is a second bathroom. Further benefits...","£545,000",Barratt London - Upton Gardens,020 8022 3696,https://media.onthemarket.com/properties/8628225/1298937631/image-0-480x320.jpg
4 bedroom apartment for sale,"Plot 241, Castle Street at Upton Gardens, 1 Academy House, Thunderer Street, LONDON E13","This sizeable 4-bedroom apartment offers 1,239 SQ FT OF LIVING SPACE set over 2 floors, including a south facing roof terrace. The top floor features an OPEN PLAN kitchen/dining area and a living room, a single bedroom which could be a home office and a PRIVATE ROOFTOP TERRACE. The entrance floor...","£569,000",Barratt London - Upton Gardens,020 8022 3696,https://media.onthemarket.com/properties/8628224/1298937630/image-0-480x320.jpg
2 bedroom flat for sale,"Parkhurst Road, Friern Barnet","A beautifully presented first floor, two bedroom apartment. Includes period looking features with a modern contemporary style throughout and benefits from off street parking.","£400,000",Kinleigh Folkard & Hayward - Finchley Sales,020 8033 2465,https://media.onthemarket.com/properties/8628616/1298952196/image-0-480x320.jpg
1 bedroom apartment for sale,"Sutton Court Road, Sutton, Surrey","Video walk around available, contact branch for details. Stunning apartment in show home condition with open plan living accommodation ideal for entertaining. Town centre location with large private balcony, underground parking and lifts.","£310,000",Cubitt & West - Sutton,020 3641 4456,https://media.onthemarket.com/properties/8628612/1298952135/image-0-480x320.jpg
2 bedroom maisonette for sale,"Wetherden Street, Walthamstow","Guide price £390,000 - £400,000 This two Bedroom first floor Warner maisonette enjoying a south facing shared rear garden is located on a tree lined turning within easy access of both St James Street Overground and Lea Bridge Station offering links to the Victoria, Central underground lines and...","£390,000",Churchill Estates - Walthamstow,020 8033 5086,https://media.onthemarket.com/properties/8628188/1298929193/image-0-480x320.jpg
3 bedroom house for sale,"Kenworthy Road, London","Kings Group are pleased to present this THREE BEDROOM MEWS HOUSE on Kenworthy Road, E9 to the market. Located in the vibrant Homerton area, the property offers a very spacious reception room, a fitted kitchen, three double bedrooms, a downstairs WC, three piece bathroom suite, en-suite to bedroom...","£700,000",Kings Group - Hackney,020 8128 0627,https://media.onthemarket.com/properties/8628141/1298928671/image-0-480x320.jpg
2 bedroom house for sale,"Wellington Row, London, E2","Kings Group are pleased to offer this well presented two bedroom ground floor purpose built  flat. The property is leasehold, offering a very spacious reception room, fully fitted kitchen two good sized bedrooms, a family bathroom and an abundance of storage. An excellent first time purchase or...","£450,000",Kings Group - Hackney,020 8128 0627,https://media.onthemarket.com/properties/8628140/1298928669/image-0-480x320.jpg
2 bedroom house for sale,"Hackney Road, London, E2","Kings Group are pleased to offer Wyndham House, Hackney Road, E2 to the market. A FIRST FLOOR TWO BEDROOM MAISONETTE located in the vibrant BETHNAL GREEN area, which offers an open plan living and dining room with access to a balcony, a well equipped kitchen, TWO DOUBLE BEDROOMS and a bathroom...","£450,000",Kings Group - Hackney,020 8128 0627,https://media.onthemarket.com/properties/8628139/1298928668/image-0-480x320.jpg
3 bedroom end of terrace house for sale,"Richmond Crescent, London, Greater London. E4 ","*£550,000-£600,000*","£550,000",Victor Michael - Leytonstone,020 8022 7396,https://media.onthemarket.com/properties/8628588/1298951649/image-0-480x320.jpg
2 bedroom flat for sale,"Shakespeare Road, Mill Hill, London, NW7","*VIDEO TOUR*  A beautiful, newly refurbished 2 double bedroom, 2 bathroom (1 en-suite) duplex flat situated on the first and second floors of this converted property. Boasting its own entrance, the property features a 15ft reception/open-plan kitchen with integrated SMEG appliances and stone...","£464,995",Squires Estates - Mill Hill,020 8115 1738,https://media.onthemarket.com/properties/8628129/1298928610/image-0-480x320.jpg
2 bedroom flat for sale,"Hatfield Close, Sutton, Surrey",This modern ground floor apartment is located in a quiet cul-de-sac within walking distance of Belmont station as well as good local schooling and shops.  This stunning apartment has been finished to a high standard throughout and warrants immediate inspection to avoid disappointment. It is a...,"£300,000",The Personal Agent - Banstead,01737 483632,https://media.onthemarket.com/properties/8628108/1298928455/image-0-480x320.jpg
1 bedroom flat for sale,"Palmerston Crescent, London N13","GROUND FLOOR GARDEN FLAT WITH SHARE OF FREEHOLD WITHIN EASY WALKING DISTANCE OF PALMERS GREENS SHOPS, RESTAURANTS, BUS ROUTES AND MAINLINE STATION.One double bedroom with door to garden  Edwardian converted flat  Spacious living room with large bay window and wood floor Modern fitted kitchen ...","£365,000",Anthony Webb Estate Agents - Palmers Green,020 8115 0202,https://media.onthemarket.com/properties/8628099/1298928352/image-0-480x320.jpg
2 bedroom flat for sale,"Wall Court, Stroud Green Road, Finsbruy Park","Nestled in the beating heart of buzzing Stroud Green sits this beautiful two bedroom apartment, calling out to be viewed from two charming private balconies.Your spacious living room and kitchen area lie adjacent to the entrance way, mimicking one another in floor space and style with each...","£450,000",Davies & Davies Estate Agents - Stroud Green,020 8115 0953,https://media.onthemarket.com/properties/8628085/1298928267/image-0-480x320.jpg
4 bedroom flat for sale,"Fitzjohns Avenue, Hampstead, NW3","An incredibly bright and spacious four bedroom duplex apartment arranged across the top floors of an imposing detached residence, with use of a beautifully maintained and substantial communal garden, and off street parking on a first come first served basis.This well presented family sized...","£1,200,000",TK International - Hampstead,020 8022 6995,https://media.onthemarket.com/properties/8628070/1298928193/image-0-480x320.jpg
4 bedroom terraced house for sale,"Fullerton Road, Wandsworth, SW18",A wonderful and outstanding contempory home in the heart of the Tonsley's being sold with NO onward chain.  The house has been remodelled and totally refurbished by the current owners offering 1495 sq. ft of lovely open living space totally unique to the Tonsley's.   The accommodation is arranged...,"£1,400,000",Realm Estates - Wandsworth,020 8115 0407,https://media.onthemarket.com/properties/8628578/1298951536/image-0-480x320.jpg
2 bedroom flat for sale,"Flat 4 Melfort Road,  Thornton Heath, CR7","GUIDE PRICE £290,000 - £330,000 - STUNNING ground floor newly converted Victorian garden flat, with off road parking, high spec kitchen and bathroom offered with no chain, CALL NOW !","£290,000",Malixons - Streatham,020 8033 3488,https://media.onthemarket.com/properties/7965878/1298951092/image-0-480x320.jpg
2 bedroom flat for sale,"St. Olaf's Road, SW6","A beautifully presented two double bedroom flat in an extremely sought after Fulham location.
 
Situated on the first floor of a pretty mansion black, this bright and well-proportioned flat offers an excellent combination of living and entertaining space. The reception room is located at the..","£650,000",Douglas & Gordon - Fulham,020 8022 6959,https://media.onthemarket.com/properties/8628559/1298950855/image-0-480x320.jpg
1 bedroom flat for sale,"Beta Place, SW4","Keating Estates are proud to offer to market this perfectly positioned, split level, loft-style one-bedroom apartment within a Grade II Listed, Victorian school conversion.","£499,950",Keating Estates - Clapham,020 8033 7362,https://media.onthemarket.com/properties/8628065/1298928140/image-0-480x320.jpg
2 bedroom flat for sale,"Brighton Terrace, SW9","Keating Estates are proud to offer to market this bright and airy two double bedroom apartment nestled in the heart of Brixton, a short walk from Brixton Village and the tube station.","£490,000",Keating Estates - Clapham,020 8033 7362,https://media.onthemarket.com/properties/8628063/1298928138/image-0-480x320.jpg
1 bedroom flat for sale,"Kipling Court, Epsom, Surrey","Surrounded by mature parkland and located within the sought after Noble Park, this one double bedroom first floor conversion apartment warrants immediate inspection to appreciate its position and stunning presentation.  With high ceilings and large double glazed sash windows throughout the...","£280,000",The Personal Agent - Epsom,01372 434822,https://media.onthemarket.com/properties/8628046/1298928071/image-0-480x320.jpg
3 bedroom apartment for sale,"Brompton Cottages, Hollywood Road, SW10",This is a very good sized three bedroom duplex approached at ground floor level via a secure gated entrance. The maisonette itself is situated at first and second floor level with the benefit of its own front door.With a 21ft west facing reception room the flat has excellent proportions and the...,"£1,250,000",Farrar & Co - Kensington & Chelsea,020 8022 7190,https://media.onthemarket.com/properties/8628547/1298950751/image-0-480x320.jpg
5 bedroom detached house for sale,"Turners Oak, Vicarage Close, Old Malden, Worcester Park, KT4 ","A stunning luxurious five bedroom family home situated on a private road in Old Malden, Worcester Park which has been built to a high specification.The property boasts generous living space throughout with versatile living space over four reception rooms and five bathrooms. The property benefits...","£1,600,000",Hunters - Worcester Park,020 3589 1425,https://media.onthemarket.com/properties/7927122/1298950633/image-0-480x320.jpg
4 bedroom terraced house for sale,"Francis Bentley Mews, Clapham Old Town, SW4",This stunning four double bedroom house of over 2000sq.ft is located in the heart of Clapham Old Town in an attractive contemporary gated development. This superb house has a lovely open plan design and a private garage.,"£1,550,000",Sheraton Law - Clapham,020 8022 6900,https://media.onthemarket.com/properties/8121108/1281452057/image-0-480x320.jpg
4 bedroom terraced house for sale,"Gladstone Avenue, Manor Park","BOOK your viewing today, a family home ready and waiting for the new owners to move in. In a fantastic location with a choice of primary and secondary schools and GREAT transport links.","£520,000",Douglas Allen - East Ham,020 3641 4764,https://media.onthemarket.com/properties/8053166/1272178621/image-0-480x320.jpg
2 bedroom flat for sale,"Green Lanes, London, Greater London, N21 2QS","FOR SALE BY ONLINE AUCTION. Starting Bid £275,000. Terms and Conditions apply.     Pattinson Auction are pleased to offer this well presented two bed duplex flat over the first and second floor. Offering; two double bedrooms, spacious living room, three piece bathroom suite, fitted kitchen and...","£275,000",Pattinson -  London Auction,020 8033 5852,https://media.onthemarket.com/properties/8628518/1298950025/image-0-480x320.jpg
2 bedroom terraced house for sale,"Corbiere Court, Wimbledon",A superb two bedroom cottage situated in this exclusive quiet mews only moments from the fashionable shops and restaurants of Wimbledon Village and open space of Wimbledon Common.,"£675,000",Kinleigh Folkard & Hayward - Wimbledon Sales,020 8033 2441,https://media.onthemarket.com/properties/7405180/1289342623/image-0-480x320.jpg
2 bedroom apartment for sale,"Holland Park, Holland Park, W11",Sensational newly refurbished two bedroom apartment in Holland Park. ,"£2,750,000",Sandersons London - Holland Park,020 8115 2127,https://media.onthemarket.com/properties/6259898/1298949813/image-0-480x320.jpg
3 bedroom bungalow for sale,THREE DOUBLE BEDROOMS,"IDEAL LOCATION! A fantastic fully refurbished and extended detached bungalow which is approximately 150 metres to Cranham village shops with convenient bus stops serving Upminster town centre and station. The wonderful accommodation includes three double bedrooms and en-suite, Viewing strongly...","£575,000",HS Estate Agents - Brentwood,01277 576171,https://media.onthemarket.com/properties/8192211/1298956138/image-0-480x320.jpg
3 bedroom end of terrace house for sale,"Dickens Avenue, Hillingdon, Middlesex, UB8 3DL","HUNTERS ESTATE AGENTS are delighted to offer this three bedroom semi detached family house on a great residential road.  This property is on Dickens Avenue, a well sought after street. A fantastic opportunity to live in this area, ideal family residents.  Downstairs you can find a very spacious...","£425,000",Hunters - Hayes,020 8115 3147,https://media.onthemarket.com/properties/8628472/1298949191/image-0-480x320.jpg
4 bedroom semi-detached house for sale,"Avon Road, Upminster, Essex, RM14","An extended four bedroom, semi-detached family home situated in a popular residential location.  Convenient for local schools, shops and public transport.  EPC E.","£550,000",Beresfords - Upminster,01708 573650,https://media.onthemarket.com/properties/7070867/1298949188/image-0-480x320.jpg
1 bedroom semi-detached bungalow for sale,"Laburnham Gardens, Cranham RM14","ORIGINALLY A TWO BEDROOM SEMI-DETACHED BUNGALOW situated in a quiet residential turning in Cranham this property has been tastefully modernised by the current owner to offer entrance hall, lounge/dining room, kitchen, one bedroom, shower/WC, central heating, double glazing, detached garage,...","£421,400",Gates Parish & Co - Upminster,01708 573560,https://media.onthemarket.com/properties/8422536/1291685799/image-0-480x320.jpg
4 bedroom end of terrace house for sale,"George Lane, Hayes",Situated in the popular Hayes Village and conveniently placed for Hayes Primary and the 'outstanding' Hayes secondary school. Extended and recently modernized end terrace home.,"£675,000",Kinleigh Folkard & Hayward - Hayes,020 8022 6662,https://media.onthemarket.com/properties/8148617/1298948360/image-0-480x320.jpg
