title,details,address,price,image
urbane Loft - perfekte Single-Wohnung,"1 room, 69 m²","Tellistrasse 92, 5000 Aarau, AG","CHF 1,710.—",https://cis01.immoscout24.ch/urbane-loft---perfekte-single-wohnung-aarau?328x185/0/85/is24media/79/d7/d845a25244-200505.jpg
Helle 3.5 Zimmerwohnung im beliebten Scheibenschachenquartier,"3.5 rooms, 70 m²","Aarmattweg 5, 5000 Aarau, AG","CHF 1,395.—",
Ideal für Jung und Alt!,"3 rooms, 87 m²","Goldernstrasse 32, 5000 Aarau, AG","CHF 1,765.—",
Möbliertes Einzelzimmer,"1 room, 15 m²","Rohrerstrasse 107, 5000 Aarau, AG",CHF 700.—,
Neu renovierte wunderschöne möblierte Zimmer,"1 room, 16 m²","Buchserstrasse 67, 5000 Aarau, AG",CHF 790.—,
ATTRAKTIVE 1.5 ZIMMER-DACHWOHNUNG IN AARAU!,1.5 rooms,"DAMMWEG 8A, 5000 Aarau, AG",CHF 995.—,
heimelige Wohnung nähe Bahnhof und Stadt,"2 rooms, 40 m²","Bachstrasse 99, 5000 Aarau, AG","CHF 1,010.—",
WOHNEN SIE EIN MONAT GRATIS,3 rooms,"Erzgrubenweg 11, 5000 Aarau, AG","CHF 1,190.—",
Wohnung sucht Mieter,"3.5 rooms, 62 m²","Maienzugstrasse 24, 5000 Aarau, AG","CHF 1,245.—",
HERZLICH WILLKOMMEN...,"4 rooms, 62 m²","Barbaraweg 12, 5000 Aarau, AG","CHF 1,245.—",
Kleinwohnung am Stadt- und Waldrand mit Aussicht,"2.5 rooms, 60 m²","General Guisan-Str. 52, 5000 Aarau, AG","CHF 1,255.—",
2.0-Zimmerwohnung in der Altstadt,"2 rooms, 39 m²","Kronengasse 3, 5000 Aarau, AG","CHF 1,280.—",
Suchen. Finden. Wohnen!,"3 rooms, 69 m²","General Guisan-Str. 52, 5000 Aarau, AG","CHF 1,310.—",
Wohnen in Bahnhofsnähe,"3.5 rooms, 68 m²","Buchserstrasse 34, 5000 Aarau, AG","CHF 1,320.—",
"moderne, helle 2.5 Zimmer Dachwohnung","2.5 rooms, 61 m²","Wöschnauring 12, 5000 Aarau, AG","CHF 1,330.—",
Willkommen zu Hause,"4.5 rooms, 73 m²","Maienzugstrasse 26, 5000 Aarau, AG","CHF 1,330.—",
An ruhiger und sonniger Lage nur wenige Minuten vom Bahnhof,"4 rooms, 67 m²","Weihermattstrasse 40, 5000 Aarau, AG","CHF 1,340.—",
Blick ins Grüne garantiert!,"3 rooms, 69 m²","General Guisan-Str. 52, 5000 Aarau, AG","CHF 1,345.—",
Willkommen zu Hause,"4.5 rooms, 73 m²","Maienzugstrasse 22, 5000 Aarau, AG","CHF 1,350.—",
Wohnen im Grünen,"2.5 rooms, 75 m²","Tannengut 5, 5000 Aarau, AG","CHF 1,385.—",
WOHNEN AM STADTRAND IM GRÜNEN,"2.5 rooms, 50 m²","Erzgrubenweg 27, 5000 Aarau, AG","CHF 1,390.—",
3-Zimmer Wohnung Zentral in Aarau (möbliert falls gewünscht),"3 rooms, 60 m²","Schönenwerderstrasse 34, 5000 Aarau, AG","CHF 1,390.—",
"Helle, moderne Altstadtwohnung","2.5 rooms, 55 m²","Vordere Vorstadt 17, 5000 Aarau, AG","CHF 1,390.—",
2 Monate gratis wohnen,"2.5 rooms, 74 m²","Tannengut 1, 5000 Aarau, AG","CHF 1,400.—",
title,details,address,price,image
Suchen Sie das Aussergewöhnliche?,"1 room, 69 m²","Tellistrasse 92, 5000 Aarau, AG","CHF 1,680.—",
Ideal für Pendler!,"2.5 rooms, 49 m²","Bahnhofplatz 3g, 5000 Aarau, AG","CHF 1,540.—",
urbane Loft - perfekte Single-Wohnung,"1 room, 69 m²","Tellistrasse 92, 5000 Aarau, AG","CHF 1,710.—",
Helle 3.5 Zimmerwohnung im beliebten Scheibenschachenquartier,"3.5 rooms, 70 m²","Aarmattweg 5, 5000 Aarau, AG","CHF 1,395.—",
Möbliertes Einzelzimmer,"1 room, 15 m²","Rohrerstrasse 107, 5000 Aarau, AG",CHF 700.—,
Neu renovierte wunderschöne möblierte Zimmer,"1 room, 16 m²","Buchserstrasse 67, 5000 Aarau, AG",CHF 790.—,
ATTRAKTIVE 1.5 ZIMMER-DACHWOHNUNG IN AARAU!,1.5 rooms,"DAMMWEG 8A, 5000 Aarau, AG",CHF 995.—,
heimelige Wohnung nähe Bahnhof und Stadt,"2 rooms, 40 m²","Bachstrasse 99, 5000 Aarau, AG","CHF 1,010.—",
WOHNEN SIE EIN MONAT GRATIS,3 rooms,"Erzgrubenweg 11, 5000 Aarau, AG","CHF 1,190.—",
Wohnung sucht Mieter,"3.5 rooms, 62 m²","Maienzugstrasse 24, 5000 Aarau, AG","CHF 1,245.—",
HERZLICH WILLKOMMEN...,"4 rooms, 62 m²","Barbaraweg 12, 5000 Aarau, AG","CHF 1,245.—",
Kleinwohnung am Stadt- und Waldrand mit Aussicht,"2.5 rooms, 60 m²","General Guisan-Str. 52, 5000 Aarau, AG","CHF 1,255.—",
2.0-Zimmerwohnung in der Altstadt,"2 rooms, 39 m²","Kronengasse 3, 5000 Aarau, AG","CHF 1,280.—",
Suchen. Finden. Wohnen!,"3 rooms, 69 m²","General Guisan-Str. 52, 5000 Aarau, AG","CHF 1,310.—",
Wohnen in Bahnhofsnähe,"3.5 rooms, 68 m²","Buchserstrasse 34, 5000 Aarau, AG","CHF 1,320.—",
"moderne, helle 2.5 Zimmer Dachwohnung","2.5 rooms, 61 m²","Wöschnauring 12, 5000 Aarau, AG","CHF 1,330.—",
Willkommen zu Hause,"4.5 rooms, 73 m²","Maienzugstrasse 26, 5000 Aarau, AG","CHF 1,330.—",
An ruhiger und sonniger Lage nur wenige Minuten vom Bahnhof,"4 rooms, 67 m²","Weihermattstrasse 40, 5000 Aarau, AG","CHF 1,340.—",
Blick ins Grüne garantiert!,"3 rooms, 69 m²","General Guisan-Str. 52, 5000 Aarau, AG","CHF 1,345.—",
Willkommen zu Hause,"4.5 rooms, 73 m²","Maienzugstrasse 22, 5000 Aarau, AG","CHF 1,350.—",
Wohnen im Grünen,"2.5 rooms, 75 m²","Tannengut 5, 5000 Aarau, AG","CHF 1,385.—",
WOHNEN AM STADTRAND IM GRÜNEN,"2.5 rooms, 50 m²","Erzgrubenweg 27, 5000 Aarau, AG","CHF 1,390.—",
3-Zimmer Wohnung Zentral in Aarau (möbliert falls gewünscht),"3 rooms, 60 m²","Schönenwerderstrasse 34, 5000 Aarau, AG","CHF 1,390.—",
"Helle, moderne Altstadtwohnung","2.5 rooms, 55 m²","Vordere Vorstadt 17, 5000 Aarau, AG","CHF 1,390.—",
2 Monate gratis wohnen,"2.5 rooms, 74 m²","Tannengut 1, 5000 Aarau, AG","CHF 1,400.—",
IHR NEUES ZUHAUSE IN AARAU,"3 rooms, 66 m²","Im Ifang 2, 5000 Aarau, AG","CHF 1,450.—",
WOHNEN IN AARAU-SCHACHEN NÄHE INNENSTADT,"3 rooms, 66 m²","Im Ifang 2, 5000 Aarau, AG","CHF 1,450.—",
Helle 3.5-Zimmerwohnungen - bis zu 2 Monate gratis,"3.5 rooms, 79 m²","General-Guisanstrasse 45, 5000 Aarau, AG","CHF 1,451.—",
Schöne 3 Zimmer Wohnung in Zentrumsnähe,3 rooms,"Asylstrasse 5, 5000 Aarau, AG","CHF 1,470.—",
"Schöne und ruhige Gartewohnung. Nähe Bus / Einkauf, schnell am Bahnhof","3.5 rooms, 60 m²","Weihermattstrasse 42, 5000 Aarau, AG","CHF 1,490.—",
Ruhige & schöne Wohnlage,"3.5 rooms, 79 m²","Tannengut 3, 5000 Aarau, AG","CHF 1,500.—",
2 Monate gratis wohnen,"4.5 rooms, 92 m²","Tannengut 6, 5000 Aarau, AG","CHF 1,500.—",
schöne helle Altstadtwohnung,2.5 rooms,"Metzgergasse 22, 5000 Aarau, AG","CHF 1,500.—",
Wohnen mit Weitsicht!,"4 rooms, 80 m²","General Guisan-Str. 52, 5000 Aarau, AG","CHF 1,525.—",
Tolle Wohnung sucht Nachmieter,"3.5 rooms, 72 m²","Bachstrasse 97, 5000 Aarau, AG","CHF 1,540.—",
"Gemütliche 4.5 Zimmerwohnung, mit Hauswartstelle!!",4.5 rooms,"Erzgrubenweg 17, 5000 Aarau, AG","CHF 1,550.—",
Wohnen mit toller Aussicht über den Dächern von Aarau,"3.5 rooms, 76 m²","Gönhardweg 8, 5000 Aarau, AG","CHF 1,552.—",
Charmante 2½-Zimmerwohnung mit Cheminée,"2.5 rooms, 65 m²","Bergstrasse 18, 5000 Aarau, AG","CHF 1,570.—",
Bijou for you!,"3.5 rooms, 79 m²","General-Guisanstrasse 45, 5000 Aarau, AG","CHF 1,575.—",
2 Mietzinse geschenkt!,"3.5 rooms, 91 m²","Tannengut 3, 5000 Aarau, AG","CHF 1,585.—",
Wohnen an ruhiger und doch zentraler Lage,4.5 rooms,"Dammweg 59, 5000 Aarau, AG","CHF 1,590.—",
Suchen Sie das Aussergewöhnliche? Stadtnah und doch ruhig?,"2.5 rooms, 80 m²","Weihermattstrasse 34, 5000 Aarau, AG","CHF 1,590.—",
Wohnen im Goldernquartier,"3.5 rooms, 78 m²","Im Käfergrund 41, 5000 Aarau, AG","CHF 1,640.—",
"2½-Zimmerwohnung, 72 m2","2.5 rooms, 72 m²","Aarepark 5c, 5000 Aarau, AG","CHF 1,670.—",
Schöne Wohnung sucht Nachmieter,"4 rooms, 69 m²","Ziegelrain 17, 5000 Aarau, AG","CHF 1,710.—",
Nicht nur perfekt für Singles und Pendler!,"2.5 rooms, 68 m²","Luxweg 5, 5000 Aarau, AG","CHF 1,730.—",
Grosszügige 3.5 Zimmer Dachwohnung,"3.5 rooms, 113 m²","Mühlemattstrasse 50, 5000 Aarau, AG","CHF 1,730.—",
3-Zimmer Maisonettewohnung in der Altstadt,3 rooms,"Halden 28, 5000 Aarau, AG","CHF 1,750.—",
Ideal für Jung und Alt!,"3 rooms, 87 m²","Goldernstrasse 32, 5000 Aarau, AG","CHF 1,765.—",
Wohnen mit Blick über Aarau,"3.5 rooms, 72 m²","Reutlingerstrasse 10, 5000 Aarau, AG","CHF 1,830.—",
Hoch hinaus im pulsierenden Aeschbachquartier!,"2.5 rooms, 69 m²","Aeschbachweg 12, 5000 Aarau, AG","CHF 1,830.—",
2 Mietzinse geschenkt!,"4 rooms, 96 m²","Goldernstrasse 28, 5000 Aarau, AG","CHF 1,840.—",
Schmuckstück im Herzen der Aarauer Altstadt,"2.5 rooms, 75 m²","Kronengasse 1, 5000 Aarau, AG","CHF 1,900.—",
Wohnen in der Stadt und doch im Grünen!,"4 rooms, 87 m²","Goldernstrasse 32, 5000 Aarau, AG","CHF 1,910.—",
WOHNEN DIREKT AM BAHNHOF AARAU,"3.5 rooms, 91 m²","Hintere Bahnhofstrasse 79, 5000 Aarau, AG","CHF 1,915.—",
Tolle 3.5- und 4-Zimmerwohnung im Herzen der Aarauer-Altstadt,3.5 rooms,"Rathausgasse 13, 5000 Aarau, AG","CHF 1,950.—",
Stylische Wohnung im ereignisreichen Aeschbachquartier!,"3.5 rooms, 75 m²","Buchserstrasse 9/11, 5000 Aarau, AG","CHF 1,970.—",
Tolle Wohnung an bester Lage!,"4 rooms, 112 m²","Gönhardweg 2, 5000 Aarau, AG","CHF 1,990.—",
Grosszügige 4.0-Zimmerwohnung sucht neue Mieter!,"4 rooms, 93 m²","Gönhardweg 2, 5000 Aarau, AG","CHF 1,990.—",
Die Familienwohnung zum Verlieben,"5.5 rooms, 116 m²","Reutlingerstrasse 12, 5000 Aarau, AG","CHF 2,000.—",
WOHNEN DIREKT AM BAHNHOF AARAU,"3.5 rooms, 98 m²","Hintere Bahnhofstrasse 79, 5000 Aarau, AG","CHF 2,075.—",
Modernes Wohnen in Fussdistanz zu Altstadt und Aare,"3.5 rooms, 98 m²","Mühlemattstrasse 78, 5000 Aarau, AG","CHF 2,170.—",
Hier fühlt sich die ganze Familie wohl,"4.5 rooms, 103 m²","Delfterstrasse 13b, 5000 Aarau, AG","CHF 2,210.—",
Moderne Familienwohnung im Trendquartier Telli,"4.5 rooms, 103 m²","Delfterstrasse 11a, 5000 Aarau, AG","CHF 2,230.—",
"Direkt am Aareufer, 3.5-ZW Aarenaupark Süd, Aarau","3.5 rooms, 105 m²","Aarenaustrasse 32, 5000 Aarau, AG","CHF 2,279.—",
Attika-Familienwohnung mit grosszügiger Terrasse,"5.5 rooms, 112 m²","Im Käfergrund 43, 5000 Aarau, AG","CHF 2,290.—",
3½-Zimmerwohnung 115 m2 + 20m2 Terrasse im 3.OG,"3.5 rooms, 115 m²","Buchserstrasse 10, 5000 Aarau, AG","CHF 2,320.—",
Modern und zentral Wohnen,"3.5 rooms, 89 m²","Luxweg 3, 5000 Aarau, AG","CHF 2,355.—",
Zentrale und doch ruhige Wohnlage,4.5 rooms,"Asylstrasse 15, 5000 Aarau, AG","CHF 2,380.—",
4 ½-Zimmer-Wohnung im EG mit Gartensitzplatz,"4.5 rooms, 112 m²","Aarepark 5c, 5000 Aarau, AG","CHF 2,410.—",
WOHNEN DIREKT AM BAHNHOF AARAU,"3.5 rooms, 111 m²","Hintere Bahnhofstrasse 85, 5000 Aarau, AG","CHF 2,440.—",
"Wohnen an der Aare - 5 ½-Zimmer-Wohnung, 121m2, mit Balkon","5.5 rooms, 121 m²","Aarepark 4c, 5000 Aarau, AG","CHF 2,450.—",
"Grosszügige, sanierte 5.5-Zimmerwohnung im Dachstock - GRATISMONAT","5.5 rooms, 150 m²","Mühlemattstrasse 40,44, 5000 Aarau, AG","CHF 2,450.—",
SEHR ZENTRAL MIT WUNDERSCHÖNER STADTSICHT,"5 rooms, 125 m²",,"CHF 2,450.—",
Moderner Wohntraum im lebendigen Aeschbachquartier,"4.5 rooms, 110 m²","Aeschbachweg 6/8, 5000 Aarau, AG","CHF 2,595.—",
"ZENTRAL, ZENTRALER, IHR NEUES ZUHAUSE","4.5 rooms, 112 m²","Bahnhofstrasse 17, 5000 Aarau, AG","CHF 2,600.—",
"Gartenwohnung mit viel Luxus, 5 Minuten zu Stadt und Bahnhof, ruhig","5.5 rooms, 120 m²","Rössligutstrasse 15, 5000 Aarau, AG","CHF 2,650.—",
GROSSZÜGIG WOHNEN DIREKT AM BAHNHOF AARAU,"4.5 rooms, 128 m²","Hintere Bahnhofstrasse 81, 5000 Aarau, AG","CHF 2,690.—",
Grosszügig und Modern,"4.5 rooms, 114 m²","Im Klee 1, 5000 Aarau, AG","CHF 2,800.—",
"Ihre moderne Wohnoase an bester, zentraler Lage","4.5 rooms, 133 m²","Mühlemattstrasse 14, 5000 Aarau, AG","CHF 2,950.—",
Stilvolle Maisonette-Wohnung - Zentral mit Aussicht,"4.5 rooms, 120 m²",,"CHF 3,000.—",
Einzigartige Loft im Herzen der Altstadt von Aarau,160 m²,"Zollrain 16, 5000 Aarau, AG","CHF 3,200.—",
Sensationelle Attikawohnung mit einzigartigem Ambiente,"3.5 rooms, 246 m²",,"CHF 3,675.—",
"Grosse, helle Duplex 3.5 Dachwohnung nähe Bahnhof","3.5 rooms, 118 m²","Rohrerstrasse 37, 5000 Aarau, AG","CHF 1,950.—",
zu vermieten,2.5 rooms,"Kronengasse 6, 5000 Aarau, AG","CHF 1,500.—",
Helle 1.5-Zimmer-Wohnung im Herzen Aarau's,"1.5 rooms, 78 m²","Schlossplatz 1, 5000 Aarau, AG","CHF 1,850.—",
Moderne 3-Zimmerwohnung in der Aarauer Altstadt,3 rooms,"Rathausgasse, 13, 5000 Aarau, AG","CHF 1,900.—",
Moderne Loft Wohnung in der Altstadt,73 m²,"Milchgasse 10, 5000 Aarau, AG","CHF 1,930.—",
